qid,qtype,question,answer,confidence,tokens_used,latency_s,steps,trace_actions
eval-001,multi_hop,Who won the gold medal in the event held at Olympic Tennis Centre on 15 to 22 August 2004?,Li TingSun Tiantian,0.95,1782,0.0113,5,plan > graph_execute > refine_multihop > judge > verify > stop
eval-002,lookup,How many nations competed in Fencing at the 1988 Summer Olympics – Men's foil?,16,0.7,1779,0.123,4,plan > graph_execute > judge > verify > stop
eval-003,aggregation,"According to the provided corpus, how many cycling events at the 2008 Summer Olympics had more than 30 competitors?",8,0.9,288,0.0005,3,plan > graph_execute > judge > stop
eval-004,multi_hop,Who won the gold medal in the event held at Sydney International Shooting Centre on 22 September 2000?,Mariya Grozdeva,0.7,1785,0.0087,5,plan > graph_execute > refine_multihop > judge > verify > stop
eval-005,superlative,"According to the provided corpus, which sailing event at the 2016 Summer Olympics had the highest number of competitors?",Sailing at the 2016 Summer Olympics – Men's 470,0.9,290,0.0005,3,plan > graph_execute > judge > stop
eval-006,aggregation,"According to the provided corpus, how many cross-country skiing events at the 2010 Winter Olympics had more than 62 competitors?",4,0.9,292,0.0011,3,plan > graph_execute > judge > stop
eval-007,temporal,Who won the gold medal in the men's heavyweight boxing event at the Summer Olympics held immediately before 2016?,Oleksandr Usyk,0.8,1648,0.0131,4,plan > graph_execute > judge > verify > stop
eval-008,aggregation,"According to the provided corpus, how many sailing events at the 1996 Summer Olympics had more than 46 competitors?",4,0.9,288,0.0004,3,plan > graph_execute > judge > stop
eval-009,superlative,"According to the provided corpus, which sailing event at the 2004 Summer Olympics had the highest number of competitors?",Sailing at the 2004 Summer Olympics – Men's 470,0.9,290,0.0004,3,plan > graph_execute > judge > stop
eval-010,lookup,How many nations competed in Boxing at the 1996 Summer Olympics – Flyweight?,30,0.8,1202,0.1446,4,plan > graph_execute > judge > verify > stop
eval-011,aggregation,"According to the provided corpus, how many weightlifting events at the 1992 Summer Olympics had more than 24 competitors?",4,0.9,290,0.0005,3,plan > graph_execute > judge > stop
eval-012,lookup,How many nations competed in Swimming at the 2016 Summer Olympics – Men's 100 metre butterfly?,32,0.95,1783,0.1269,4,plan > graph_execute > judge > verify > stop
eval-013,aggregation,"According to the provided corpus, how many cycling events at the 2016 Summer Olympics had more than 27 competitors?",6,0.9,288,0.0005,3,plan > graph_execute > judge > stop
eval-014,multi_hop,"Who won the gold medal in the event held at San Sicario on February 15, 2006?",Michaela Dorfmeister,0.95,1779,0.007,5,plan > graph_execute > refine_multihop > judge > verify > stop
eval-015,lookup,How many nations competed in Athletics at the 2016 Summer Olympics – Men's 400 metres?,33,0.8,1781,0.1224,4,plan > graph_execute > judge > verify > stop
eval-016,lookup,How many nations competed in Athletics at the 2008 Summer Olympics – Women's shot put?,22,0.8,1781,0.1149,4,plan > graph_execute > judge > verify > stop
eval-017,multi_hop,Who won the gold medal in the event held at Eton Dorney on 28 July – 4 August 2012?,Miroslava Knapková,0.7,1780,0.0082,5,plan > graph_execute > refine_multihop > judge > verify > stop
eval-018,multi_hop,Who won the gold medal in the event held at Olympic Stadium on 16–18 August 2016?,Sara Kolak,0.7,1634,0.0088,5,plan > graph_execute > refine_multihop > judge > verify > stop
eval-019,aggregation,"According to the provided corpus, how many alpine skiing events at the 1998 Winter Olympics had more than 45 competitors?",4,0.9,290,0.0005,3,plan > graph_execute > judge > stop
eval-020,multi_hop,Who won the gold medal in the event held at Royal Artillery Barracks on 5 August 2012?,Jin Jong-oh,0.7,1781,0.0081,5,plan > graph_execute > refine_multihop > judge > verify > stop
eval-021,temporal,Who won the gold medal in the men's 200 metre backstroke swimming event at the Summer Olympics held immediately before 2016?,Tyler Clary,0.7,1791,0.0078,4,plan > graph_execute > judge > verify > stop
eval-022,lookup,How many nations competed in Cross-country skiing at the 2014 Winter Olympics – Men's sprint?,23,0.7,1708,0.1217,4,plan > graph_execute > judge > verify > stop
eval-023,aggregation,"According to the provided corpus, how many shooting events at the 2000 Summer Olympics had more than 42 competitors?",7,0.9,289,0.0005,3,plan > graph_execute > judge > stop
eval-024,superlative,"According to the provided corpus, which cross-country skiing event at the 1998 Winter Olympics had the highest number of competitors?",Cross-country skiing at the 1998 Winter Olympics – Men's 10 kilometre classical,0.9,293,0.0004,3,plan > graph_execute > judge > stop
eval-025,superlative,"According to the provided corpus, which rowing event at the 2016 Summer Olympics had the highest number of competitors?",Rowing at the 2016 Summer Olympics – Women's eight,0.9,289,0.0002,3,plan > graph_execute > judge > stop
eval-026,lookup,How many nations competed in Fencing at the 2000 Summer Olympics – Men's foil?,8,0.95,1682,0.115,4,plan > graph_execute > judge > verify > stop
eval-027,superlative,"According to the provided corpus, which cycling event at the 2012 Summer Olympics had the highest number of competitors?",Cycling at the 2012 Summer Olympics – Men's individual road race,0.9,290,0.0007,3,plan > graph_execute > judge > stop
eval-028,aggregation,"According to the provided corpus, how many wrestling events at the 2012 Summer Olympics had more than 19 competitors?",3,0.9,289,0.0003,3,plan > graph_execute > judge > stop
eval-029,aggregation,"According to the provided corpus, how many boxing events at the 2012 Summer Olympics had more than 26 competitors?",3,0.9,288,0.0002,3,plan > graph_execute > judge > stop
eval-030,superlative,"According to the provided corpus, which alpine skiing event at the 1994 Winter Olympics had the highest number of competitors?",Alpine skiing at the 1994 Winter Olympics – Men's super-G,0.9,291,0.0002,3,plan > graph_execute > judge > stop
eval-031,temporal,Who won the gold medal in the men's 62 kg weightlifting event at the Summer Olympics held immediately before 2016?,Kim Un-guk,0.95,1788,0.0067,4,plan > graph_execute > judge > verify > stop
eval-032,multi_hop,"Who won the gold medal in the event held at Pacific Coliseum on February 20, 2010?",Lee Jung-su,0.95,1780,0.0125,5,plan > graph_execute > refine_multihop > judge > verify > stop
eval-033,aggregation,"According to the provided corpus, how many alpine skiing events at the 1988 Winter Olympics had more than 57 competitors?",4,0.9,290,0.0004,3,plan > graph_execute > judge > stop
eval-034,temporal,Who won the gold medal in the men's freestyle 120 kg wrestling event at the Summer Olympics held immediately before 2012?,Bakhtiyar Akhmedov,0.95,1790,0.0069,4,plan > graph_execute > judge > verify > stop
eval-035,superlative,"According to the provided corpus, which rowing event at the 2012 Summer Olympics had the highest number of competitors?",Rowing at the 2012 Summer Olympics – Women's eight,0.9,289,0.0004,3,plan > graph_execute > judge > stop
eval-036,aggregation,"According to the provided corpus, how many short-track speed skating events at the 2018 Winter Olympics had more than 34 competitors?",3,0.9,293,0.0003,3,plan > graph_execute > judge > stop
eval-037,superlative,"According to the provided corpus, which sailing event at the 1996 Summer Olympics had the highest number of competitors?",Sailing at the 1996 Summer Olympics – Men's 470,0.9,290,0.0002,3,plan > graph_execute > judge > stop
eval-038,aggregation,"According to the provided corpus, how many athletics events at the 2008 Summer Olympics had more than 40 competitors?",21,0.9,289,0.0002,3,plan > graph_execute > judge > stop
eval-039,aggregation,"According to the provided corpus, how many boxing events at the 1992 Summer Olympics had more than 30 competitors?",3,0.9,288,0.0001,3,plan > graph_execute > judge > stop
eval-040,multi_hop,Who won the gold medal in the event held at Stadium Australia on 27 September 2000 (heats)29 September 2000 (semi-finals)30 September 2000 (final)?,Nouria Mérah-Benida,0.8,1796,0.0079,5,plan > graph_execute > refine_multihop > judge > verify > stop
eval-041,aggregation,"According to the provided corpus, how many alpine skiing events at the 2006 Winter Olympics had more than 63 competitors?",4,0.9,290,0.0004,3,plan > graph_execute > judge > stop
eval-042,temporal,Who won the gold medal in the mixed trap shooting event at the Summer Olympics held immediately before 1992?,Dmitry Monakov,0.7,1787,0.0075,4,plan > graph_execute > judge > verify > stop
eval-043,multi_hop,Who won the gold medal in the event held at Carioca Arena 3 on 11 August 2016?,Loredana DinuSimona GhermanSimona PopAna Maria Popescu,0.95,1762,0.008,5,plan > graph_execute > refine_multihop > judge > verify > stop
eval-044,temporal,Who won the gold medal in the women's 75 kg weightlifting event at the Summer Olympics held immediately before 2016?,Lydia Valentín,0.95,1789,0.0071,4,plan > graph_execute > judge > verify > stop
eval-045,temporal,Who won the gold medal in the women's moguls freestyle skiing event at the Winter Olympics held immediately before 2014?,Hannah Kearney,0.7,1790,0.0069,4,plan > graph_execute > judge > verify > stop
eval-046,temporal,Who won the gold medal in the light flyweight boxing event at the Summer Olympics held immediately before 2004?,Brahim Asloum,0.7,1675,0.0072,4,plan > graph_execute > judge > verify > stop
eval-047,superlative,"According to the provided corpus, which cycling event at the 2004 Summer Olympics had the highest number of competitors?",Cycling at the 2004 Summer Olympics – Men's individual road race,0.9,290,0.0005,3,plan > graph_execute > judge > stop
eval-048,aggregation,"According to the provided corpus, how many cycling events at the 2012 Summer Olympics had more than 30 competitors?",7,0.9,288,0.0003,3,plan > graph_execute > judge > stop
eval-049,superlative,"According to the provided corpus, which shooting event at the 1988 Summer Olympics had the highest number of competitors?",Shooting at the 1988 Summer Olympics – Men's 50 metre rifle prone,0.9,290,0.0003,3,plan > graph_execute > judge > stop
eval-050,multi_hop,Who won the gold medal in the event held at Olympic Stadium on 6–9 August at the 2012 Summer Olympics?,David Rudisha,0.7,1785,0.0074,5,plan > graph_execute > refine_multihop > judge > verify > stop
