qid,venue
Q303623,Eton Dorney
Q607635,Richmond Olympic Oval
Q939000,London and Surrey
Q26233801,Arena Olímpica do Rio
Q743905,Beijing National Stadium
Q1433269,Athens Olympic Stadium
Q1005784,Beijing National Stadium
Q1005641,Les Ménuires
Q3628768,Stadium Australia
Q7400295,Busan부산釜山
Q15506518,"Iceberg Skating Palace Sochi, Russia"
Q4951829,Alexander Memorial Coliseum
Q26212143,Riocentro
Q250187,Beijing National Aquatics Center
Q1221945,Birkebeineren Ski Stadium
Q3879591,Sydney International Aquatic Centre
Q25239321,Olympic Weightlifting Gymnasium
Q1205250,Beijing Shooting Range Hall
Q766586,Utah Olympic Oval
Q850246,Torino Palavela
Q2071152,London Aquatics Centre
Q2071160,London Aquatics Centre
Q1204722,Beijing Shooting Range Hall
Q26208755,Olympic Stadium
Q2500292,Weymouth and Portland National Sailing Academy
Q870647,Courchevel (ski jumping)Les Saisies (cross-country skiing)
Q7662173,Sydney International Aquatic Centre
Q15619183,"Iceberg Skating PalaceSochi, Russia"
Q25239533,Olympic Weightlifting Gymnasium
Q4951830,Alexander Memorial Coliseum
Q1005783,Beijing Science and Technology University Gymnasium
Q7372012,Sydney International Regatta Centre
Q3879590,Sydney International Aquatic Centre
Q1221969,Canmore Nordic Centre
Q3628769,ANZ Stadium
Q1005640,Hafjell
Q744487,Beijing Olympic Stadium
Q26233821,Olympic Stadium
Q1433109,Olympic Stadium
Q1049551,Olympic Stadium
Q2071129,Olympic Stadium
Q2071135,Olympic Stadium
Q2090641,Olympic Stadium
Q26219843,Olympic Stadium
Q26208467,Olympic Stadium
Q2001009,Olympic Stadium
Q65242144,Japan National Stadium
Q1799275,Olympic Stadium
Q1771990,Olympic Stadium
Q2194130,London Velopark
Q26219851,Carioca Arena 3
Q1043342,Beijing National Stadium
Q1063589,Urban Road Cycling Course245.4
Q26212188,Riocentro
Q26219850,Carioca Arena 3
Q256559,Beijing National Aquatics Center
Q1185004,Beijing National Aquatics Center
Q657467,Beijing National Stadium
Q754412,Central and southwest London and north Surrey 250
Q15056220,Adler Arena Skating Center
Q24760634,Fort Copacabana241.5
Q25386275,Carioca Arena 3
Q950563,Beijing National Aquatics Center
Q47296499,"Gangneung Ice ArenaGangneung, South Korea"
Q26242953,Maria Lenk Aquatic Center
Q26235881,Maria Lenk Aquatic Center
Q26237528,Maria Lenk Aquatic Center
Q26237418,National Shooting Center
Q26243423,Maria Lenk Aquatic Center
Q26234145,Olympic Stadium
Q26261258,HSBC Arena
Q26262523,Rio Olympic Velodrome
Q26259596,Rio Olympic Velodrome
Q26261256,Arena Olímpica do Rio
Q26265815,Rio Olympic Velodrome
Q26262252,Rio Olympic Velodrome
Q26273359,Olympic Stadium
Q26263572,Rio Olympic Velodrome
Q26260960,Rio Olympic Velodrome
Q26234144,Olympic Stadium
Q26234119,Olympic Stadium
Q26291516,Rio Olympic Velodrome
Q26234051,Olympic Stadium
Q26233995,Olympic Stadium
Q26430868,Maria Lenk Aquatic Center
Q284413,North Greenwich Arena
Q26233317,Olympic Stadium
Q26233122,Pontal
Q3082710,Weymouth and Portland National Sailing Academy
Q26229077,Maria Lenk Aquatic Center
Q26233320,Pontal
Q284936,Wembley Arena
Q26233297,Olympic Stadium
Q26233103,Estádio Olímpico João Havelange
Q284423,North Greenwich Arena
Q326112,Wembley Arena
Q26233319,Olympic Stadium
Q1064016,ExCeL Exhibition Centre
Q1055931,Olympic Stadium
Q26219862,Olympic Stadium
Q26225492,Olympic Stadium
Q1064728,Urban Road Cycling Course102.6
Q26212225,Olympic Stadium
Q26224939,Olympic Stadium
Q26219861,Olympic Stadium
Q369846,Beijing National Aquatics Center
Q26225938,Pontal
Q326384,ExCeL Exhibition Centre
Q26212202,Olympic Stadium
Q1005787,ExCeL Exhibition Centre
Q26223026,Olympic Stadium
Q26219858,Olympic Stadium
Q26221551,"Fort Copacabana, Rio de Janeiro"
Q26219856,Estádio Olímpico João Havelange
Q1050909,The Mall
Q1064358,Aquatics Centre
Q1064845,"The Serpentine, Hyde Park"
Q1140736,Wembley Arena
Q62020022,Sea Forest Waterway
Q65235520,Nippon Budokan
Q26219821,National Shooting Center
Q26219841,Olympic Stadium
Q110316274,"Capital Indoor StadiumBeijing, China"
Q65243912,Ariake Urban Sports Park
Q65235537,Nippon Budokan
Q1076273,Beijing University of TechnologyGymnasium
Q2070009,The Mall
Q65235488,Nippon Budokan
Q1188476,Eton Dorney
Q65235512,Nippon Budokan
Q47295256,"Gangneung Ice ArenaGangneung, South Korea"
Q65235562,Nippon Budokan
Q2000949,Olympic Stadium
Q2000999,Olympic Stadium
Q65235574,Nippon Budokan
Q2000988,"Marathon course, central London"
Q1094662,Beijing Science and TechnologyUniversity Gymnasium
Q110316264,"Capital Indoor StadiumBeijing, China"
Q627905,ExCeL Exhibition Centre
Q65243916,Ariake Urban Sports Park
Q590226,Beijing Science and TechnologyUniversity Gymnasium
Q1193963,Beijing Science and TechnologyUniversity Gymnasium
Q26219839,Olympic Stadium
Q65235568,Nippon Budokan
Q2000979,Olympic Stadium
Q65242281,Ariake Gymnastics Centre
Q110264101,Xiaohaituo Bobsleigh and Luge TrackBeijing
Q62020023,Sea Forest Waterway
Q645932,Olympic Stadium
Q370500,Eton Dorney
Q1065654,Horse Guards Parade
Q110264143,Xiaohaituo Bobsleigh and Luge TrackBeijing
Q26214545,Estádio Olímpico João Havelange
Q2070547,Olympic Stadium
Q2071171,Olympic Stadium
Q62020027,Sea Forest Waterway
Q26208357,Sambadrome Marquês de Sapucaí
Q62020029,Sea Forest Waterway
Q1144277,Beijing University of Technology Gymnasium
Q1193975,Beijing Science and TechnologyUniversity Gymnasium
Q531436,London Aquatics Centre
Q47155555,"Alpensia Biathlon Centre in Pyeongchang, South Korea"
Q26086643,Olympic Stadium
Q62020033,Sea Forest Waterway
Q1076798,ExCeL Exhibition Centre
Q47296003,"Gangneung Ice ArenaGangneung, South Korea"
Q65242368,"Odaiba Marine Park, Tokyo"
Q591384,Olympic Stadium
Q62020025,Sea Forest Waterway
Q1076967,ExCeL Exhibition Centre
Q47263008,"Gangneung Ice ArenaGangneung, South Korea"
Q2000968,Olympic Stadium
Q1067177,Cypress Bowl Ski Area
Q62020035,Sea Forest Waterway
Q26208442,Olympic Stadium
Q62020026,Sea Forest Waterway
Q47455933,"Gangneung Ice ArenaGangneung, South Korea"
Q2069991,Olympic Stadium
Q110316174,"Capital Indoor StadiumBeijing, China"
Q62020030,Sea Forest Waterway
Q65235495,Nippon Budokan
Q47310015,"Gangneung Ice ArenaGangneung, South Korea"
Q586832,"Pacific ColiseumVancouver, Canada"
Q62020031,Sea Forest Waterway
Q110324226,"Capital Indoor StadiumBeijing, China"
Q25991470,"Fort Copacabana, Rio de Janeiro"
Q2000939,Olympic Stadium
Q603519,ExCeL Exhibition Centre
Q26219842,Olympic Stadium
Q65235505,Nippon Budokan
Q2036655,Hadleigh Farm
Q110264144,Xiaohaituo Bobsleigh and Luge TrackBeijing
Q26215594,Estádio Olímpico João Havelange
Q62020028,Sea Forest Waterway
Q536380,Dorney Lake
Q585714,ExCeL Exhibition Centre
Q26037158,Olympic Tennis Centre
Q47155815,"Alpensia Biathlon Centre in Pyeongchang, South Korea"
Q26208457,Olympic Stadium
Q25991460,"Fort Copacabana, Rio de Janeiro"
Q65235542,Nippon Budokan
Q65243918,Ariake Urban Sports Park
Q26203840,Olympic Stadium
Q26208447,Olympic Stadium
Q25991453,Olympic Aquatics Stadium
Q62020036,Sea Forest Waterway
Q2001050,London Aquatics Centre
Q62020024,Sea Forest Waterway
Q62020034,Sea Forest Waterway
Q57083855,Musashino Forest Sport Plaza
Q47295100,"Gangneung Ice ArenaGangneung, South Korea"
Q1068773,Eton Dorney
Q110264107,Xiaohaituo Bobsleigh and Luge TrackBeijing
Q21858018,Sambódromo
Q22968982,Lagoon Rodrigo de Freitas
Q47155505,"Alpensia Biathlon Centre in Pyeongchang, South Korea"
Q1772012,Olympic Stadium
Q1798905,London Aquatics Centre
Q24906828,Maria Lenk Aquatic Center
Q942500,Whistler Sliding Centre
Q938805,Laoshan Mountain Bike Course
Q28209,Aquatics Centre
Q25476845,Mountain Bike Centre
Q25476835,Mountain Bike Centre
Q24995398,Copacabana Stadium
Q1798873,Olympic Stadium
Q666951,Whistler Creekside
Q25301754,Riocentro - Pavilion 4
Q1649415,Olympic Stadium
Q1827915,Olympic Stadium
Q21858030,Sambadrome
Q25301787,Riocentro - Pavilion 4
Q739527,Shunyi Olympic Rowing-Canoeing Park
Q47091419,"Alpensia Biathlon Centre in Pyeongchang, South Korea"
Q938130,ExCeL Exhibition Centre
Q247273,Beijing Science and TechnologyUniversity Gymnasium
Q25396697,Sambadrome Marquês de Sapucaí
Q47155365,"Alpensia Biathlon Centre in Pyeongchang, South Korea"
Q1798983,"Marathon course, central London"
Q25397537,Olympic Stadium
Q693595,Beijing
Q843287,Central and southwest London and north Surrey 140.3
Q960100,ExCeL Exhibition Centre
Q24825467,Copacabana Stadium
Q2437166,London Velopark
Q1753402,Olympic Stadium
Q956242,The Mall
Q1345726,Wembley Arena
Q22968981,Rodrigo de Freitas Lagoon
Q1222270,Eton Dorney
Q932145,ExCeL Exhibition Centre
Q22968972,Rodrigo de Freitas Lagoon
Q1005337,Eton Dorney
Q1005506,Eton Dorney
Q782396,Beijing University of Technology Gymnasium
Q25476761,Olympic BMX Centre
Q1337276,Wembley Arena
Q25301916,Riocentro - Pavilion 4
Q47105341,"Alpensia Biathlon Centre in Pyeongchang, South Korea"
Q938833,Laoshan Mountain Bike Course
Q1986718,Olympic Stadium
Q937510,Aquatics Centre
Q15056097,"Rosa Khutor Extreme Park, Krasnaya Polyana, Russia"
Q2268451,"The Serpentine, Hyde Park"
Q25396702,Sambadrome Marquês de Sapucaí
Q31850,ExCeL Exhibition Centre
Q1798882,Olympic Stadium
Q764131,Aquatics Centre
Q916735,"Pacific ColiseumVancouver, Canada"
Q937526,Aquatics Centre
Q25301472,Riocentro - Pavilion 4
Q658077,"Pacific ColiseumVancouver, Canada"
Q24761058,Fort Copacabana141
Q22968977,Rodrigo de Freitas Lagoon
Q15056098,"Rosa Khutor Extreme Park, Krasnaya Polyana, Russia"
Q1005551,ExCeL Exhibition Centre
Q1636766,Olympic Stadium
Q22968980,Rodrigo de Freitas Lagoon
Q25476545,Rio Olympic Velodrome
Q732985,"Cypress Bowl Ski Areain Cypress Provincial Park, West Vancouver, British Columbia, Canada"
Q843436,Olympic Stadium
Q1799251,Olympic Stadium
Q22968985,Rodrigo de Freitas Lagoon
Q733756,Olympic Stadium
Q15620701,"Iceberg Skating PalaceSochi, Russia"
Q1005683,Eton Dorney
Q15620726,"Iceberg Skating PalaceSochi, Russia"
Q15054997,"Rosa Khutor Alpine ResortKrasnaya Polyana, Russia"
Q47155425,"Alpensia Biathlon Centre in Pyeongchang, South Korea"
Q22968983,Rodrigo de Freitas Lagoon
Q1772017,Olympic Stadium
Q945090,Eton Dorney
Q1798867,Olympic Stadium
Q47155541,"Alpensia Biathlon Centre in Pyeongchang, South Korea"
Q22968979,Lagoa Rodrigo de Freitas
Q767351,Eton Dorney
Q1799157,Olympic Stadium
Q1771958,Olympic Stadium
Q1005508,Eton Dorney
Q25396694,Sambadrome Marquês de Sapucaí
Q22968974,Rodrigo de Freitas Lagoon
Q22968986,Rodrigo de Freitas Lagoon
Q15052026,Laura Biathlon & Ski Complex
Q15056101,"Rosa Khutor Extreme Park, Krasnaya Polyana, Russia"
Q47155408,"Alpensia Biathlon Centre in Pyeongchang, South Korea"
Q1005554,ExCeL Exhibition Centre
Q947750,Beijing National Stadium
Q1005379,Aquatics Centre
Q2269155,Hadleigh Farm
Q22968973,Rodrigo de Freitas Lagoon
Q1005663,ExCeL Exhibition Centre
Q28166,Aquatics Centre
Q143007,Beijing University of Technology Gymnasium
Q1414502,Wembley Arena
Q734020,Olympic Stadium
Q25476541,Rio Olympic Velodrome
Q15620700,"Iceberg Skating PalaceSochi, Russia"
Q22968984,Rodrigo de Freitas Lagoon
Q1004931,Shunyi Olympic Rowing-Canoeing Park
Q15292539,"Iceberg Skating PalaceSochi, Russia"
Q47155467,"Alpensia Biathlon Centre in Pyeongchang, South Korea"
Q1754221,Aquatics Centre
Q779173,ExCeL Exhibition Centre
Q225969,Whistler Olympic Park
Q23747965,Olympic Tennis Centre
Q427022,Eton Dorney
Q765839,Olympic Stadium
Q25301483,Riocentro – Pavilion 4
Q14643120,Laura Biathlon & Ski Complex
Q841530,Olympic Stadium
Q22968976,Rodrigo de Freitas Lagoon
Q832282,Whistler Creekside
Q918063,Horse Guards Parade
Q15056102,"Rosa Khutor Extreme Park, Krasnaya Polyana, Russia"
Q47155371,"Alpensia Biathlon Centre in Pyeongchang, South Korea"
Q769542,"Pacific ColiseumVancouver, Canada"
Q1464256,Wembley Arena
Q28163,Aquatics Centre
Q1222420,Eton Dorney
Q15056279,Sliding Center Sanki
Q26237421,National Shooting Center
Q26242954,Marina da Glória
Q26237420,National Shooting Center
Q26237423,National Shooting Center
Q26237427,National Shooting Center
Q26245392,HSBC Arena
Q26254891,Marina da Glória
Q26250761,Marina da Glória
Q26235041,National Shooting Center
Q26237425,National Shooting Center
Q26241858,Marina da Glória
Q26237636,Olympic Aquatics Stadium
Q26254912,HSBC Arena
Q26271841,Carioca Arena 2
Q26265496,HSBC Arena
Q26262259,Marina da Glória
Q26269194,Lagoa Stadium
Q26263222,Carioca Arena 2
Q26262262,Marina da Glória
Q26262295,Marina da Glória
Q26268459,Carioca Arena 2
Q26265678,HSBC Arena
Q26260943,Rio Olympic Velodrome
Q26269219,Lagoa Stadium
Q26263261,Marina da Glória
Q26256610,"Maria Lenk Aquatic Center,Olympic Aquatics Stadium"
Q26269232,Lagoa Stadium
Q26256651,"Maria Lenk Aquatic Center,Olympic Aquatics Stadium"
Q26271817,Carioca Arena 2
Q26265754,Marina da Glória
Q26262261,Marina da Glória
Q26268456,Carioca Arena 2
Q26389812,Olympic Equestrian Centre
Q2718015,London Velopark
Q26419091,Carioca Arena 2
Q26308744,Lagoa Stadium
Q2648878,Eton Dorney
Q26404105,Carioca Arena 2
Q2726820,Olympic Green Convention Centre
Q26334986,Lagoa Stadium
Q2726788,Olympic Green Convention Centre
Q26334232,Lagoa Stadium
Q26305911,Lagoa Stadium
Q26320658,Carioca Arena 2
Q2726746,Olympic Green Convention Centre
Q26308566,National Equestrian Center
Q269521,Beihang University Gymnasium
Q26404138,Carioca Arena 2
Q26328066,Carioca Arena 2
Q26334713,Maria Lenk Aquatic Center
Q2726750,Olympic Green Convention Centre
Q263926,Cypress Mountain
Q26339635,Carioca Arena 2
Q26334907,Lagoa Stadium
Q2687405,Weymouth and Portland National Sailing Academy
Q2634280,Qingdao International Sailing Centre
Q2715839,ExCeL London
Q26280676,Carioca Arena 2
Q26294065,Carioca Arena 2
Q26339577,Carioca Arena 2
Q26294109,Carioca Arena 2
Q2718019,London Velopark
Q26333692,Lagoa Stadium
Q26401684,"Fort Copacabana, Rio de Janeiro"
Q26419030,Carioca Arena 2
Q26335055,Lagoa Stadium
Q26234091,Olympic Stadium
Q26328052,Carioca Arena 2
Q2732386,Qingdao International Sailing Centre
Q26233790,HSBC Arena
Q26233786,HSBC Arena
Q26233793,HSBC Arena
Q26233796,HSBC Arena
Q26233794,HSBC Arena
Q26233798,HSBC Arena
Q288549,Beijing National Stadium
Q305439,ExCeL London
Q3039134,Weymouth and Portland National Sailing Academy
Q303268,Whistler Olympic Park
Q26233791,HSBC Arena
Q26233478,National Shooting Center
Q2936542,Eton Dorney
Q2740554,ExCeL London
Q26233783,HSBC Arena
Q26233795,HSBC Arena
Q3082335,Greenwich Park
Q305171,London Aquatics Centre
Q26233789,HSBC Arena
Q26233797,Rio's Olympic Arena
Q326382,ExCeL Exhibition Centre
Q26228283,National Shooting Center
Q1043354,Beijing National Stadium
Q1042705,Eton Dorney
Q26212366,Riocentro
Q26212190,Riocentro
Q1043361,Beijing National Stadium
Q1043405,London Aquatics Centre
Q348720,ExCeL Exhibition Centre
Q1043347,Beijing National Stadium
Q3513763,ExCeL London
Q348714,ExCeL Exhibition Centre
Q26220718,National Shooting Center
Q1005771,Triathlon Venue at the Ming Tomb Reservoir
Q26219852,Carioca Arena 3
Q1064571,Laoshan Velodrome
Q26212275,Olympic Whitewater Stadium
Q26212310,Riocentro
Q26219853,Carioca Arena 3
Q1064381,Laoshan BMX Field
Q334901,Royal Artillery Barracks
Q332673,ExCeL Exhibition Centre
Q1005722,Beijing Shooting Range Hall
Q1042441,Beijing National Aquatics Center
Q26219865,National Equestrian Center
Q1064410,Cypress Mountain
Q26219855,Carioca Arena 3
Q1051974,Olympic Green Convention Centre
Q26212177,Riocentro
Q26213159,Olympic Whitewater Stadium
Q368950,Qingdao International Sailing Centre
Q1005719,Beijing Shooting Range Clay Target Field
Q1750589,Nikaia Olympic Weightlifting Hall
Q25991462,Olympic Aquatics Stadium
Q1077323,Laoshan Velodrome
Q497491,Weymouth and Portland National Sailing Academy
Q1565131,Goudi Olympic Hall
Q2171151,ExCeL London
Q107861717,Hualindong Ski Resort
Q544177,Beijing National Stadium
Q539696,Eton Dorney
Q26218171,National Shooting Center
Q656724,Whistler Olympic Park
Q7372006,Sydney International Regatta Centre
Q370708,China Agricultural University Gymnasium
Q2570052,Olympic Green Convention Centre
Q7400301,Busan부산釜山
Q2070431,ExCeL Exhibition Centre
Q1573389,"Sant Sadurní d'Anoia, Barcelona"
Q2563908,Qingdao International Sailing Centre
Q18391270,Misari Regatta
Q25991452,Olympic Aquatics Stadium
Q7400304,Barcelona
Q7372003,Sydney International Regatta Centre
Q1439757,Olympic Stadium
Q526367,Eton Dorney
Q1066796,Beijing Science and Technology University Gymnasium
Q25932069,Olympic Aquatics Stadium
Q602540,Beijing National Aquatics Center
Q25863642,Olympic Aquatics Stadium
Q2570149,Olympic Green Convention Centre
Q47309900,Gangneung Ice Arena
Q1560063,"Pavilion 3, Sydney Olympic Park"
Q7400296,Busan부산釜山
Q7372011,Sydney International Regatta Centre
Q26212154,Riocentro – Pavilion 6
Q2070029,London Aquatics Centre
Q17063531,Jamsil Indoor Swimming Pool
Q47309816,"Gangneung Ice ArenaGangneung, South Korea"
Q26155833,Olympic Golf Course
Q522820,Beihang University Gymnasium
Q26212159,Carioca Arena 2
Q2070048,ExCeL Exhibition Centre
Q2071238,Lee Valley White Water Centre
Q107802331,Hualindong Ski Resort
Q1067796,London Aquatics Centre
Q26212148,Riocentro
Q2022105,Georgia State University Gymnasium
Q603505,Beijing National Aquatics Center
Q2566720,Qingdao International Sailing Centre
Q526698,Beijing National Aquatics Center
Q1997551,ExCeL London
Q383513,Whistler Olympic Park
Q2026292,London Aquatics Centre
Q1192124,Beihang University Gymnasium
Q508776,Beihang University Gymnasium
Q65242336,Ariake Coliseum
Q26212150,Riocentro
Q2065523,Urban Road Cycling Course126.4
Q580474,London Velopark
Q578012,Whistler Olympic Park
Q1444605,"Estadi Olímpic Lluís Companys, Barcelona"
Q2071266,London Aquatics Centre
Q17033536,Wolf Creek Shooting Complex
Q379473,Pacific Coliseum
Q727674,Athens Olympic Aquatic Centre
Q15056263,Peristeri Olympic Boxing Hall
Q7400300,Busan부산釜山
Q65242164,Japan National Stadium
Q734628,Park City
Q26212147,Riocentro
Q727687,Athens Olympic Aquatic Centre
Q107802335,Hualindong Ski Resort
Q2133123,"Centennial Parklands, Sydney"
Q26218913,National Equestrian Center
Q635304,Laoshan Velodrome
Q25927636,Olympic Aquatics Stadium
Q25991454,Olympic Aquatics Stadium
Q7372004,Sydney International Regatta Centre
Q684586,Stadium Australia
Q25932068,Olympic Aquatics Stadium
Q1184283,Hong Kong Sports Institute
Q1067970,Beijing Science and Technology University Gymnasium
Q26208276,Riocentro – Pavilion 6
Q26218605,Riocentro – Pavilion 6
Q17018014,Stone Mountain Park Velodrome
Q65235550,Nippon Budokan
Q7400311,Barcelona
Q1095367,Beihang University Gymnasium
Q574129,Beijing University of TechnologyGymnasium
Q7372002,Sydney International Regatta Centre
Q22964423,Han River Regatta Course
Q26217722,Riocentro – Pavilion 3
Q1194001,Beijing National Aquatics Center
Q2025976,ExCeL London
Q1139399,ExCeL London
Q600157,China Agricultural University Gymnasium
Q257545,Beijing National Stadium
Q25932666,Olympic Aquatics Stadium
Q17063534,Jamsil Indoor Swimming Pool
Q1750582,Nikaia Olympic Weightlifting Hall
Q17515791,Lake Lanier
Q26218947,Olympic Aquatics Stadium
Q2563992,Peking University Gymnasium
Q7372009,Sydney International Regatta Centre
Q374871,Lord's Cricket Ground
Q2022221,"Pavilion 3, Sydney Olympic Park"
Q26212176,Riocentro
Q571174,China Agricultural University Gymnasium
Q2022115,Georgia State University Gymnasium
Q65242363,"Odaiba Marine Park, Tokyo"
Q1750592,Nikaia Olympic Weightlifting Hall
Q571263,Whistler Olympic Park
Q15703663,Canada Olympic Park (ski jumping)Canmore Nordic Centre (cross-country skiing)
Q613571,Whistler Olympic Park
Q2051400,London Aquatics Centre
Q595972,Richmond Olympic Oval
Q17515790,Lake Lanier
Q593761,Olympic Stadium
Q65242200,Japan National Stadium
Q47309929,"Gangneung Ice ArenaGangneung, South Korea"
Q26208602,Riocentro – Pavilion 6
Q737066,Goudi Olympic Hall
Q22964434,Lake of Banyoles
Q628945,Laoshan BMX Field
Q2570068,Olympic Green Convention Centre
Q26212144,Riocentro
Q107861723,Hualindong Ski Resort
Q1066390,Beijing National Stadium
Q7400298,Busan부산釜山
Q26212146,Riocentro
Q26219832,Carioca Arena 2
Q17088224,Mollet del Vallès
Q47309958,"Gangneung Ice ArenaGangneung, South Korea"
Q198766,Olympic Stadium
Q1067077,Beijing Science and Technology University Gymnasium
Q25991451,Olympic Aquatics Stadium
Q584030,Copper Box (fencing)Aquatics Centre (swimming)Greenwich Park (riding and combined)
Q7371998,Sydney International Regatta Centre
Q595962,Whistler Olympic Park
Q581364,China Agricultural University Gymnasium
Q26217871,Carioca Arena 2
Q20948675,Lagoa Stadium
Q25927635,Olympic Aquatics Stadium
Q7400299,Busan부산釜山
Q1137721,Royal Artillery Barracks
Q26218607,Riocentro – Pavilion 6
Q26219824,National Shooting Center
Q1440658,Olympic Stadium
Q18449954,Piscines Bernat Picornell
Q2142977,ExCeL Exhibition Centre
Q7400307,Barcelona
Q2048869,ExCeL London
Q25991449,Olympic Aquatics Stadium
Q1156695,ExCeL Exhibition Centre
Q2198226,Olympic Stadium
Q1143843,ExCeL London
Q16968702,Sydney International Regatta Centre
Q1750576,Nikaia Olympic Weightlifting Hall
Q1193987,Beijing National Aquatics Center
Q679870,Nikaia Olympic Weightlifting Hall
Q374383,"All England Club, Wimbledon"
Q2563962,Qingdao International Sailing Centre
Q1089565,Beijing National Aquatics Center
Q1439323,Olympic Stadium
Q2563927,Qingdao International Sailing Centre
Q26212160,Carioca Arena 2
Q577260,Laoshan Velodrome
Q26219830,Carioca Arena 2
Q2091137,ExCeL London
Q220855,Athens Olympic Stadium
Q26213161,Olympic Whitewater Stadium
Q2618235,Greenwich Park
Q1075752,Olympic Green Convention Center (shooting and fencing)Ying Tung Natatorium (swimming)Olympic Sports Center Stadium (riding and running)
Q1439338,Athens Olympic Stadium
Q25991466,Olympic Aquatics Stadium
Q656634,Beijing Olympic Stadium
Q579227,Beijing National Aquatics Center
Q25991463,Olympic Aquatics Stadium
Q221335,Pragelato
Q613470,Whistler Olympic Park
Q1156706,ExCeL Exhibition Centre
Q1156710,ExCeL Exhibition Centre
Q25932055,Olympic Aquatics Stadium
Q65235579,Nippon Budokan
Q1156700,ExCeL London
Q607576,Beihang University Gymnasium
Q2157561,ExCeL Exhibition Centre
Q65242174,Japan National Stadium
Q2112865,"Georgia International Horse Park, Conyers"
Q1575430,Goudi Olympic Hall
Q596094,Beijing National Aquatics Center
Q107861696,Hualindong Ski Resort
Q2070832,London Velopark
Q107861714,Hualindong Ski Resort
Q47309836,"Gangneung Ice Arena Gangneung, South Korea"
Q584005,Weymouth and Portland National Sailing Academy
Q517035,Beijing National Stadium
Q1750716,Nikaia Olympic Weightlifting Hall
Q26212152,Riocentro – Pavilion 6
Q1604222,Torino Palavela
Q162056,"Pavilion 3, Sydney Olympic Park"
Q107861706,Hualindong Ski Resort
Q7400306,Barcelona
Q1084677,Beijing National Stadium
Q107861726,Hualindong Ski Resort
Q733026,Estadi Olímpic de Montjuïc
Q1534918,Val-d'Isère
Q25863624,Olympic Aquatics Stadium
Q259965,Whistler Olympic Park
Q7400309,Barcelona
Q16953154,Alexander Memorial Coliseum
Q2072744,Institut Nacional d'Educació Física de Catalunya
Q26217896,Carioca Arena 2
Q19819174,"Club Hípic El Montanyà, Real Club de Polo de Barcelona"
Q47309990,"Gangneung Ice ArenaGangneung, South Korea"
Q25991461,Olympic Aquatics Stadium
Q1094686,Beijing National Aquatics Center
Q2096231,ExCeL London
Q26155830,Riocentro
Q26218598,Carioca Arena 2
Q26212155,Riocentro – Pavilion 6
Q26155834,Olympic Golf Course
Q2570158,Olympic Green Convention Centre
Q25991459,Olympic Aquatics Stadium
Q7400308,Barcelona
Q1067772,London Aquatics Centre
Q1750578,Nikaia Olympic Weightlifting Hall
Q107861699,Hualindong Ski Resort
Q107861710,Hualindong Ski Resort
Q26212161,Carioca Arena 2
Q1193982,Beijing National Aquatics Center
Q635823,Cypress Mountain
Q2201769,Athens Olympic Stadium
Q7371997,Sydney International Regatta Centre
Q1005685,Beijing Science and Technology University Gymnasium
Q2564420,Qingdao International Sailing Centre
Q586729,Richmond Olympic Oval
Q26218466,Carioca Arena 2
Q26215191,Olympic Stadium
Q26155829,Riocentro
Q1075735,Olympic Green Convention Center (shooting and fencing)Ying Tung Natatorium (swimming)Olympic Sports Center Stadium (riding and running)
Q1193966,Beijing National Aquatics Center
Q26217865,Carioca Arena 2
Q1156715,ExCeL Exhibition Centre
Q662887,Sauze d'Oulx
Q1439291,Athens Olympic Stadium
Q580481,Richmond Olympic Oval
Q1131387,Hong Kong Sports Institute
Q2070058,ExCeL Exhibition Centre
Q65235532,Nippon Budokan
Q7400302,Busan부산釜山
Q1997032,ExCeL London
Q7372007,Sydney International Regatta Centre
Q1750591,Nikaia Olympic Weightlifting Hall
Q26212162,Carioca Arena 2
Q610603,Whistler Olympic Park
Q26218320,National Equestrian Center
Q2022215,"Pavilion 3, Sydney Olympic Park"
Q1750587,Nikaia Olympic Weightlifting Hall
Q664418,Oval Lingotto
Q1067383,Lord's Cricket Ground
Q25932075,Olympic Aquatics Stadium
Q26212145,Riocentro
Q20670790,Piscines Bernat Picornell
Q26212151,Riocentro – Pavilion 6
Q26218274,National Equestrian Center
Q1750595,Nikaia Olympic Weightlifting Hall
Q26219847,Carioca Arena 2
Q651065,China Agricultural University Gymnasium
Q107861704,Hualindong Ski Resort
Q1439276,Olympic Stadium
Q25991448,Olympic Aquatics Stadium
Q7400297,Busan부산釜山
Q1137646,ExCeL Exhibition Centre
Q735299,Park City (ski jumping)Soldier Hollow (cross-country skiing)
Q22964429,Misari Regatta
Q26219831,Carioca Arena 2
Q25927634,Olympic Aquatics Stadium
Q15056264,Peristeri Olympic Boxing Hall
Q1092809,Beihang University Gymnasium
Q65242345,Ariake Coliseum
Q25991456,Olympic Aquatics Stadium
Q2562124,Peking University Gymnasium
Q26205999,Riocentro – Pavilion 6
Q26213160,Olympic Whitewater Stadium
Q1065640,Beihang University Gymnasium
Q26212149,Riocentro
Q1094667,Beijing National Aquatics Center
Q722895,Markópoulo Olympic ShootingCentre
Q65242359,"Odaiba Marine Park, Tokyo"
Q26037184,Riocentro – Pavilion 6
Q7400305,Barcelona
Q548072,Cypress Mountain
Q730927,Pragelato
Q65235526,Nippon Budokan
Q26218608,Riocentro – Pavilion 6
Q65242331,Ariake Coliseum
Q1570183,Pavelló de la Mar Bella
Q1750579,Nikaia Olympic Weightlifting Hall
Q65235557,Nippon Budokan
Q26208316,Riocentro – Pavilion 6
Q734997,"Athens Olympic Tennis Centre, Athens"
Q614894,Pacific Coliseum
Q1750583,Nikaia Olympic Weightlifting Hall
Q26208513,Riocentro – Pavilion 6
Q599412,ExCeL London Exhibition Centre
Q25991447,Olympic Aquatics Stadium
Q26219849,Carioca Arena 3
Q25991455,Olympic Aquatics Stadium
Q17063526,Jamsil Indoor Swimming Pool
Q581788,"All England Club, Wimbledon"
Q588440,Greenwich Park
Q260204,Beijing Science and Technology University Gymnasium
Q25991464,Olympic Aquatics Stadium
Q7371994,Lake of Banyoles
Q26217860,Riocentro – Pavilion 3
Q26218599,Carioca Arena 2
Q2174649,Hyde Park54.8
Q7371999,Sydney International Regatta Centre
Q2000524,ExCeL Exhibition Centre
Q662184,Utah Olympic Park
Q26219848,Carioca Arena 3
Q7372001,Sydney International Regatta Centre
Q1194982,China Agricultural University Gymnasium
Q384953,Whistler Olympic Park
Q1439249,Athens Olympic Stadium
Q7400312,Barcelona
Q1222467,Meribel
Q1222171,Snow Harp
Q826852,Hamar Olympic Hall
Q1221935,Nozawa Onsen
Q31844,ExCeL Exhibition Centre
Q1222146,Soldier Hollow
Q917323,Beijing Olympic Stadium
Q3001407,Velòdrom d'Horta
Q2550697,ExCeL London
Q748648,Pragelato
Q14643126,Laura Biathlon & Ski Complex
Q7656687,Jamsil Indoor Swimming Pool
Q7500819,Sydney International Shooting Centre
Q4786035,Hwarang Archery Field
Q2299006,ExCeL London
Q2494175,Eton Dorney
Q2358274,ExCeL London
Q8979743,Greenwich Park
Q782429,Richmond Olympic Oval
Q15056068,RusSki Gorki Jumping Center
Q905472,Cypress Bowl Ski Area
Q2521962,ExCeL London
Q848666,Richmond Olympic Oval
Q27961940,Georgia World Congress Center
Q826539,Utah Olympic Oval
Q25397018,Riocentro
Q769467,Piscines Bernat Picornell
Q1005322,Laoshan Velodrome
Q1222469,Kvitfjell
Q7979982,Georgia World Congress Center
Q15055009,"Rosa Khutor Alpine ResortKrasnaya Polyana, Russia"
Q15055028,Laura Biathlon & Ski Complex
Q15055033,Laura Biathlon & Ski Complex
Q886732,Sydney Super Dome
Q1433101,Ancient Olympia Stadium
Q7979974,Pavelló de l'Espanya Industrial
Q3499001,Institut Nacional d'Educació Física de Catalunya
Q1432187,Stadium Australia
Q1005244,Beihang University Gymnasium
Q7500847,Markópoulo Olympic ShootingCentre
Q781406,Soldier Hollow
Q906128,Whistler Olympic Park
Q1221939,Snow Harp
Q848696,Richmond Olympic Oval
Q963859,Georgia Dome
Q1222533,Shiga Kogen
Q7979972,Pavelló de l'Espanya Industrial
Q3001455,"Sant Sadurní d'Anoia, Barcelona"
Q7979977,Pavelló de l'Espanya Industrial
Q765657,Oval Lingotto
Q1005423,Beijing Shooting Range Hall
Q61539,China Agricultural University Gymnasium
Q899312,Beijing National Stadium
Q7400314,Barcelona
Q1222168,Canmore Nordic Centre
Q15056105,"Rosa Khutor Extreme Park, Krasnaya Polyana, Russia"
Q7674783,State Sports Centre
Q4951839,Sydney Convention and Exhibition Centre
Q15056067,RusSki Gorki Jumping Center
Q2353351,Lee Valley White Water Centre
Q932865,Beijing National Stadium
Q906859,Nikaia Olympic Weightlifting Hall
Q3498676,Sangmu Gymnasium
Q677063,ExCeL London
Q846788,Cesana San Sicario
Q247070,Beijing Olympic Stadium
Q691742,Cypress Mountain
Q7400334,Sydney
Q1222651,Park City
Q7656712,Jamsil Indoor Swimming Pool
Q1222109,Hamar Olympic Hall
Q240257,Beijing National Aquatics Center
Q15056095,"Rosa Khutor Extreme Park, Krasnaya Polyana, Russia"
Q7656705,Jamsil Indoor Swimming Pool
Q5280017,Hamar Olympic Amphitheatre
Q1222524,Nakiska
Q1221810,Hamar Olympic Amphitheatre
Q15055034,Laura Biathlon & Ski Complex
Q638285,M-Wave
Q15054994,"Rosa Khutor Alpine ResortKrasnaya Polyana, Russia"
Q4786049,Stone Mountain Park Archery Center
Q917752,Sestriere
Q7656695,Jamsil Indoor Swimming Pool
Q3498940,Sangmu Gymnasium
Q2724464,Olympic Stadium
Q847288,Cesana San Sicario
Q1222212,Kvitfjell and Hafjell
Q870649,Lysgårdsbakken (ski jumping)Birkebeineren Ski Stadium (cross-country skiing)
Q775967,Beijing Shooting Range Clay Target Field
Q917348,Beijing National Stadium
Q3498987,Institut Nacional d'Educació Física de Catalunya
Q4951834,Alexander Memorial Coliseum
Q1202526,Laoshan Velodrome
Q1222025,Snow Harp
Q15052012,Laura Biathlon & Ski Complex
Q1222529,Hafjell
Q7500840,Markópoulo Olympic ShootingCentre
Q1221864,Cross Country Skiing Stadium
Q15056096,"Rosa Khutor Extreme Park, Krasnaya Polyana, Russia"
Q7400342,Agios Kosmas Olympic Sailing Centre
Q1337042,Lord's Cricket Ground
Q25386274,Carioca Arena 3
Q7656689,Jamsil Indoor Swimming Pool
Q841897,"Whistler CreeksideWhistler, British Columbia"
Q1432476,Stadium Australia
Q7500739,Taereung International Shooting Range
Q2557145,ExCeL London
Q15055073,Rosa Khutor Extreme Park
Q3400664,Stone Mountain Park Velodrome
Q7400341,Agios Kosmas Olympic Sailing Centre
Q7500816,Sydney International Shooting Centre
Q762663,Beijing National Indoor Stadium
Q15055013,Rosa Khutor Alpine Resort
Q15055074,Rosa Khutor Extreme Park
Q906865,Nikaia Olympic Weightlifting Hall
Q853003,Beijing National Stadium
Q3001409,Dunc Gray Velodrome
Q7979978,Pavelló de l'Espanya Industrial
Q7979968,Pavelló de l'Espanya Industrial
Q771886,Beihang University Gymnasium
Q4951846,Sydney Convention and Exhibition Centre
Q2364389,ExCeL London
Q1433079,Olympic Stadium
Q15056100,"Rosa Khutor Extreme Park, Krasnaya Polyana, Russia"
Q7400319,Savannah
Q7656686,Jamsil Indoor Swimming Pool
Q3498597,Institut Nacional d'Educació Física de Catalunya
Q3498966,Institut Nacional d'Educació Física de Catalunya
Q1360895,Beijing Shooting Range Hall
Q1222466,Nakiska
Q24906829,Carioca Arena 2
Q7400328,"Darling Point Cruising Yacht Club of Australia, Sydney"
Q3001459,"Centennial Parklands, Sydney"
Q7400320,Savannah
Q279295,Utah Olympic Park
Q841946,Whistler Creekside
Q14643199,Laura Biathlon & Ski Complex
Q1222632,Cesana Pariol
Q1005235,China Agricultural University Gymnasium
Q923513,China Agricultural University Gymnasium
Q704595,Beijing Science and Technology University Gymnasium
Q942244,Sydney Olympic Park Tennis Centre
Q15056104,"Rosa Khutor Extreme Park, Krasnaya Polyana, Russia"
Q1432289,Stadium Australia
Q2297621,London Velopark
Q917333,Beijing National Stadium
Q1372090,ExCeL London
Q488601,Olympic Stadium
Q1222644,Kvitfjell
Q3498626,Sangmu Gymnasium
Q1222474,Hakuba
Q15055083,Rosa Khutor Extreme Park
Q681571,Royal Artillery Barracks
Q523492,Lysgårdsbakken
Q15055007,Rosa Khutor Alpine Resort
Q936086,Beijing National Aquatics Centre
Q2430785,ExCeL London
Q1221869,Les Saisies
Q1222299,Park City
Q7500827,Markópoulo Olympic Shooting Centre
Q917747,Sestriere
Q1222092,Soldier Hollow
Q905493,ExCeL London
Q3499032,Sangmu Gymnasium
Q7500842,Markópoulo Olympic ShootingCentre
Q780808,L'anneau de vitesse
Q1005260,China Agricultural University Gymnasium
Q15055036,Laura Biathlon & Ski Complex
Q917217,Whistler Olympic Park
Q7979967,Pavelló de l'Espanya Industrial
Q7500813,Sydney International Shooting Centre
Q1222023,Birkebeineren Ski Stadium
Q1221915,M-Wave
Q7656694,Jamsil Indoor Swimming Pool
Q15056225,Adler Arena Skating Center
Q2308161,Copper Box (fencing)Aquatics Centre (swimming)Greenwich Park (riding and combined)
Q4786036,Hwarang Archery Field
Q1198508,London Aquatics Centre
Q1005486,Whistler Sliding Centre
Q679802,China Agricultural University Gymnasium
Q1426735,Centennial Olympic Stadium
Q15052025,Laura Biathlon & Ski Complex
Q1222497,Deer Valley
Q7979984,Georgia World Congress Center
Q918076,Whistler Sliding Centre
Q1222232,Les Saisies
Q3499929,Sangmu Gymnasium
Q263070,Snowbasin
Q7674782,State Sports Centre
Q761318,Beijing National Indoor Stadium
Q3400667,Stone Mountain Park Velodrome
Q15054999,"Rosa Khutor Alpine ResortKrasnaya Polyana, Russia"
Q841622,"All England Club, Wimbledon"
Q904345,Beijing National Stadium
Q1432202,Stadium Australia
Q1222127,M-Wave
Q15055004,"Rosa Khutor Alpine ResortKrasnaya Polyana, Russia"
Q4786041,Camp Olímpic de Tir amb Arc
Q975449,Goudi Olympic Hall
Q429621,"Whistler CreeksideWhistler, British Columbia"
Q915092,Cesana San Sicario
Q942805,Olympic Tennis Centre
Q1221917,Salt Lake Ice Center
Q2329168,London Velopark
Q15056099,"Rosa Khutor Extreme Park, Krasnaya Polyana, Russia"
Q7500743,Taereung International Shooting Range
Q1222187,Nozawa Onsen
Q1222124,Salt Lake Ice Center
Q2460802,Shunyi Olympic Rowing-Canoeing Park
Q2358214,ExCeL London
Q7674793,Faliro Coastal Zone Olympic Complex
Q2521899,Greenwich Park
Q970610,Olympic Oval
Q6303884,Sydney Convention and Exhibition Centre
Q827175,Pragelato
Q7500822,Sydney International Shooting Centre
Q3499038,Institut Nacional d'Educació Física de Catalunya
Q956359,Soldier Hollow
Q1222186,Birkebeineren Ski Stadium
Q906117,"Whistler CreeksideWhistler, British Columbia"
Q1222259,Spiral
Q955688,Olympic Oval
Q7656707,Jamsil Indoor Swimming Pool
Q1222137,White Ring
Q7500809,Sydney International Shooting Centre
Q1222492,Kanthaugen Freestyle Arena
Q1222654,Kanthaugen Freestyle Arena
Q2358254,ExCeL London
Q922361,Beijing National Stadium
Q870651,Hakuba Ski Jumping Stadium (ski jumping)Snow Harp (cross-country skiing)
Q25384916,Carioca Arena 3
Q6303861,Georgia World Congress Center
Q914969,Triathlon Venue at the Ming Tomb Reservoir
Q1222101,Nozawa Onsen
Q1438466,Centennial Olympic Stadium
Q5198393,Dunc Gray Velodrome
Q840683,All England Lawn Tennis and Croquet Club
Q632742,Sydney Exhibition Centre
Q1221912,L'anneau de vitesse
Q752428,"Olympic Green Tennis Centre, Beijing"
Q1222437,Snowbasin
Q7656701,Jamsil Indoor Swimming Pool
Q3499009,Sangmu Gymnasium
Q1005036,Beijing National Aquatics Center
Q15055029,Laura Biathlon & Ski Complex
Q3001452,Seoul
Q7500830,Markopoulo Olympic Shooting Centre
Q15055018,Laura Biathlon & Ski Complex
Q910720,"Whistler CreeksideWhistler, British Columbia"
Q962650,Greenwich Park
Q7500802,Wolf Creek Shooting Complex
Q526793,Olympic Oval
Q31843483,Seoul Olympic Stadium
Q1222018,Les Saisies
Q7400345,Agios Kosmas Olympic Sailing Centre
Q940196,Beijing Shooting Range Hall
Q7500810,Sydney International Shooting Centre
Q4903025,"Salt Lake Ice CenterSalt Lake City, Utah"
Q30680431,Real Club de Polo de Barcelona
Q7400325,Savannah
Q746397,Bardonecchia
Q1426854,Centennial Olympic Stadium
Q7400340,Agios Kosmas Olympic Sailing Centre
Q848641,Whistler Sliding Centre
Q829370,All England Lawn Tennis and Croquet Club
Q635603,Utah Olympic Oval
Q3499066,Sangmu Gymnasium
Q782385,"Palavela Turin, Italy"
Q7500832,Markópoulo Olympic ShootingCentre
Q1222251,La Plagne
Q6303859,Georgia World Congress Center
Q2558792,Qingdao International Sailing Centre
Q18728,Vancouver Olympic/Paralympic Centre
Q736527,Beijing Shooting Range Hall
Q24906792,"Pontal, Rio de Janeiro29.8"
Q7400344,Agios Kosmas Olympic Sailing Centre
Q3390067,Georgia World Congress Center
Q22964444,Lake of Banyoles
Q4951843,Sydney Convention and Exhibition Centre
Q1005262,China Agricultural University Gymnasium
Q2269694,London Velopark
Q30680433,Seoul Race Park
Q2410252,Weymouth and Portland National Sailing Academy
Q847592,Beijing National Stadium
Q1222641,Nakiska
Q2269716,London Aquatics Centre
Q2634499,Athens Olympic Stadium
Q905715,"Whistler CreeksideWhistler, British Columbia"
Q936622,Athens Olympic Stadium
Q7400317,Savannah
Q7400350,Agios Kosmas Olympic Sailing Centre
Q15052022,Laura Biathlon & Ski Complex
Q919242,Eton Dorney
Q901754,"Tennis de la Vall d'Hebron, Barcelona"
Q853040,Beijing National Stadium
Q1222257,Lillehammer Olympic Bobsleigh and Luge Track
Q919388,Eton Dorney
Q15056224,Adler Arena Skating Center
Q1005237,China Agricultural University Gymnasium
Q15055037,Laura Biathlon & Ski Complex
Q7500798,Wolf Creek Shooting Complex
Q901122,Tennis de la Vall d'Hebron
Q2303578,ExCeL Exhibition Centre
Q1222203,Nakiska
Q853023,Beijing Olympic Stadium
Q4786038,Hwarang Archery Field
Q15055081,Rosa Khutor Extreme Park
Q7674779,State Sports Centre
Q2451718,ExCeL London
Q7656727,Jamsil Indoor Swimming Pool
Q25396733,National Shooting Center
Q1005660,Beijing Science and Technology University Gymnasium
Q7500799,Wolf Creek Shooting Complex
Q916724,Whistler Olympic Park
Q1001497,Qingdao International Sailing Centre
Q2268100,Royal Artillery Barracks
Q1005434,Eton Dorney
Q917743,Sestriere
Q15055079,Rosa Khutor Extreme Park
Q1360804,Olympic Green Archery Field
Q1222176,Soldier Hollow
Q2723756,Athens Olympic Stadium
Q963453,Georgia Dome
Q1222165,Les Saisies
Q2390636,Eton Dorney
Q767959,ExCeL London
Q683164,Beijing National Aquatics Center
Q2380135,ExCeL London
Q339188,L'anneau de vitesse
Q3499941,Sangmu Gymnasium
Q241789,ExCeL London
Q1222108,M-Wave
Q7656716,Jamsil Indoor Swimming Pool
Q15055001,Rosa Khutor Alpine Resort
Q947678,Beijing National Stadium
Q1005606,Beijing Shooting Range Hall
Q7656720,Jamsil Indoor Swimming Pool
Q782722,Weymouth and Portland National Sailing Academy
Q3498614,Institut Nacional d'Educació Física de Catalunya
Q15021060,Laura Biathlon & Ski Complex
Q7656713,Jamsil Indoor Swimming Pool
Q1221812,White Ring
Q6303882,Sydney Convention and Exhibition Centre
Q220386,Whistler Olympic Park
Q938791,Pacific Coliseum
Q1005363,Laoshan Velodrome
Q7400316,Savannah
Q1005614,Laoshan Velodrome
Q7500834,Markópoulo Olympic ShootingCentre
Q927660,"Stone Mountain Tennis Center, Atlanta"
Q629871,Pragelato
Q848278,Beijing National Stadium
Q916711,Whistler Olympic Park
Q2196657,ExCeL London
Q15056222,Adler Arena Skating Center
Q1222134,La halle de glace Olympique
Q1346374,Beijing Shooting Range Hall
Q903439,Beijing National Stadium
Q25455359,Lagoa Stadium
Q905555,London Aquatics Centre
Q727488,Urban Road Cycling Course47.6
Q1222209,Meribel
Q2353509,Royal Artillery Barracks
Q15052019,Laura Biathlon & Ski Complex
Q531844,Pragelato
Q1004896,Beihang University Gymnasium
Q1222646,Hakuba
Q916771,Richmond Olympic Oval
Q905659,Whistler Olympic Park
Q1222066,Soldier Hollow
Q7979973,Pavelló de l'Espanya Industrial
Q25386262,Carioca Arena 3
Q31843481,"Seoul Equestrian Park, Wondang Ranch"
Q938779,Pacific Coliseum
Q7400318,Savannah
Q7656726,Jamsil Indoor Swimming Pool
Q3498949,Institut Nacional d'Educació Física de Catalunya
Q1426670,Centennial Olympic Stadium
Q1433072,Olympic Stadium
Q280553,Soldier Hollow
Q15052014,Laura Biathlon & Ski Complex
Q7500838,Markópoulo Olympic ShootingCentre
Q1432033,Stadium Australia
Q7500750,Taereung International Shooting Range
Q850209,Torino Palavela
Q7500804,Wolf Creek Shooting Complex
Q7400335,Sydney
Q7674778,State Sports Centre
Q917760,San Sicario
Q7400322,Savannah
Q15055011,"Rosa Khutor Alpine ResortKrasnaya Polyana, Russia"
Q750803,Park City
Q942846,Centennial Olympic Stadium
Q7674788,Faliro Coastal Zone Olympic Complex
Q4951837,Sydney Convention and Exhibition Centre
Q1202903,Olympic Green Archery Field
Q4786045,Camp Olímpic de Tir amb Arc
Q850196,Sauze d'Oulx
Q15055087,Rosa Khutor Extreme Park
Q302701,"Palavela Turin, Italy"
Q7979969,Pavelló de l'Espanya Industrial
Q776835,Whistler Olympic Park
Q6303889,Sydney Convention and Exhibition Centre
Q7500807,Sydney International Shooting Centre
Q4951842,Sydney Convention and Exhibition Centre
Q1339098,"ExCeL Exhibition Centre, London, England"
Q946243,Park City
Q7500814,Sydney International Shooting Centre
Q843860,Whistler Olympic Park
Q220866,Olympic Green Tennis Centre
Q1222238,Utah Olympic Park
Q830711,Beijing National Stadium
Q25384919,Carioca Arena 3
Q1426809,Stadium Australia
Q905561,Cypress Bowl Ski Area
Q3499898,Sangmu Gymnasium
Q4471528,Beach Volleyball Ground
Q853049,Beijing National Stadium
Q2362858,London Velopark
Q784131,Beijing National Aquatics Center
Q1202770,Laoshan Velodrome
Q7400332,Sydney
Q853072,Beijing National Stadium
Q1222080,Cross Country Skiing Stadium
Q1004892,Beijing National Aquatics Center
Q1005294,China Agricultural University Gymnasium
Q1222173,Birkebeineren Ski Stadium
Q4951841,Sydney Convention and Exhibition Centre
Q1222255,Canada Olympic Park
Q962842,Beijing Shooting Range Clay Target Field
Q977229,Beach Volleyball Ground
Q1222483,Park City
Q963481,Georgia Dome
Q1221867,Soldier Hollow
Q5198382,Velòdrom d'Horta
Q7656719,Jamsil Indoor Swimming Pool
Q1222287,Soldier Hollow
Q7400349,Agios Kosmas Olympic Sailing Centre
Q532360,Hamar Olympic Hall
Q826846,"Utah Olympic Oval, Kearns, Utah"
Q15055072,Rosa Khutor Extreme Park
Q766954,Beijing National Stadium
Q527985,Stadium Australia
Q4951845,Sydney Convention and Exhibition Centre
Q1005040,Beijing National Aquatics Center
Q757054,Olympic Green Tennis Centre
Q1005230,China Agricultural University Gymnasium
Q2521952,ExCeL London
Q7979975,Pavelló de l'Espanya Industrial
Q28402472,Georgia World Congress Center
Q754844,Beijing National Stadium
Q7674780,State Sports Centre
Q934172,ExCeL Exhibition Centre
Q1360866,Olympic Green Archery Field
Q848689,Whistler Olympic Park
Q15055085,Rosa Khutor Extreme Park
Q1222526,Meribel
Q3498926,Institut Nacional d'Educació Física de Catalunya
Q972253,ExCeL Exhibition Centre
Q647742,Sydney Exhibition Centre
Q15055031,Laura Biathlon & Ski Complex
Q1005298,London Velopark
Q952970,Park City
Q7674777,State Sports Centre
Q4786042,Camp Olímpic de Tir amb Arc
Q765044,"Palavela Turin, Italy"
Q841942,Richmond Olympic Oval
Q7400346,Agios Kosmas Olympic Sailing Centre
Q647750,Sydney Exhibition Centre
Q7500821,Sydney International Shooting Centre
Q7400333,Sydney
Q1222639,Meribel
Q4786037,Hwarang Archery Field
Q793973,Sydney SuperDome
Q827019,Cesana Pariol
Q2352412,Lee Valley White Water Centre
Q4951844,Sydney Convention and Exhibition Centre
Q938164,Cypress Bowl Ski Area
Q763031,Beijing Shooting Range Clay Target Field
Q3001405,Stone Mountain Velodrome
Q905485,Pacific Coliseum
Q25384917,Carioca Arena 3
Q4786044,Camp Olímpic de Tir amb Arc
Q1221932,Birkebeineren Ski Stadium
Q963420,Beihang University Gymnasium
Q7674790,Faliro Coastal Zone Olympic Complex
Q1222098,Birkebeineren Ski Stadium
Q632472,Sydney Exhibition Centre
Q915058,Cesana San Sicario
Q15056267,RusSki Gorki Jumping Center
Q2361588,Weymouth and Portland National Sailing Academy
Q1203058,Laoshan Velodrome
Q1005018,Beijing National Aquatics Center
Q1371783,ExCeL London
Q632754,Sydney Exhibition Centre
Q916916,Whistler Olympic Park
Q7400329,Sydney
Q939181,Whistler Sliding Centre
Q18713,Vancouver Olympic/Paralympic Centre
Q7674781,State Sports Centre
Q7500817,Sydney International Shooting Centre
Q6303879,Sydney Convention and Exhibition Centre
Q848681,Whistler Creekside
Q1221793,Hamar Olympic Hall
Q6303863,Georgia World Congress Center
Q2353475,Royal Artillery Barracks
Q385563,China Agricultural University Gymnasium
Q1344366,Olympic Green Archery Field
Q729339,Beihang University Gymnasium
Q955943,Estadi Olímpic de Montjuïc
Q659097,Beijing National Aquatics Center
Q279234,L'anneau de vitesse
Q786799,Oval Lingotto
Q536083,Stone Mountain Tennis Center
Q15056065,RusSki Gorki Jumping Center
Q7674791,Faliro Coastal Zone Olympic Complex
Q6303877,Sydney Convention and Exhibition Centre
Q249265,London Aquatics Centre
Q7400321,Savannah
Q7656722,Jamsil Indoor Swimming Pool
Q2995946,Circuit de Catalunya and roads
Q25386279,Carioca Arena 3
Q658704,Olympic Green Convention Centre
Q7500812,Sydney International Shooting Centre
Q653672,Cesana San Sicario
Q1426702,Stadium Australia
Q15055002,Rosa Khutor Alpine Resort
Q7656681,Jamsil Indoor Swimming Pool
Q886372,Olympic Indoor Hall
Q7500796,Wolf Creek Shooting Complex
Q938765,ExCeL Exhibition Centre
Q7656697,Jamsil Indoor Swimming Pool
Q140244,China Agricultural University Gymnasium
Q7400313,Barcelona
Q737732,ExCeL London
Q4951838,Sydney Convention and Exhibition Centre
Q7674792,Faliro Coastal Zone Olympic Complex
Q15056223,Adler Arena Skating Center
Q645460,Olympic Stadium
Q1221934,Soldier Hollow
Q6303888,Sydney Convention and Exhibition Centre
Q7400339,Agios Kosmas Olympic Sailing Centre
Q7656684,Jamsil Indoor Swimming Pool
Q7656714,Jamsil Indoor Swimming Pool
Q2297633,London Velopark
Q771123,San Sicario
Q3498666,Institut Nacional d'Educació Física de Catalunya
Q5124014,Hamar Olympic Amphitheatre
Q1222498,Iizuna Kogen Ski Area
Q7500801,Wolf Creek Shooting Complex
Q4951848,Sydney Convention and Exhibition Centre
Q4951847,Sydney Convention and Exhibition Centre
Q15055032,Laura Biathlon & Ski Complex
Q875653,Sydney International Aquatic Centre
Q5395306,Markópoulo Olympic ShootingCentre
Q1222301,Kanbayashi Snowboard Park
Q7656691,Jamsil Indoor Swimming Pool
Q916976,Beijing National Stadium
Q916930,London Aquatics Centre
Q752413,"National Tennis Center, Beijing"
Q900405,Athens Olympic Stadium
Q31843484,Seoul Olympic Stadium
Q2268043,Royal Artillery Barracks
Q2254560,Royal Artillery Barracks
Q1221927,Les Saisies
Q826560,Cesana Pariol
Q1005272,China Agricultural University Gymnasium
Q670039,"Whistler CreeksideWhistler, British Columbia"
Q2332511,Weymouth and Portland National Sailing Academy
Q7400324,Savannah
Q1221836,Soldier Hollow
Q921100,Royal Artillery Barracks
Q847284,Cesana San Sicario
Q905540,Richmond Olympic Oval
Q848291,Beijing National Stadium
Q906854,Nikaia Olympic Weightlifting Hall
Q7400347,Agios Kosmas Olympic Sailing Centre
Q7674776,State Sports Centre
Q922248,Beijing National Stadium
Q14643284,Laura Biathlon & Ski Complex
Q267771,Athens Olympic Aquatic Centre
Q905503,Cypress Mountain
Q25386268,Carioca Arena 3
Q2353533,Royal Artillery Barracks
Q6303864,Georgia World Congress Center
Q952458,Hamar Olympic Hall
Q15055075,Rosa Khutor Extreme Park
Q5198390,Dunc Gray Velodrome
Q15055038,Laura Biathlon & Ski Complex
Q916174,London and Surrey
Q4951836,Alexander Memorial Coliseum
Q3498605,Institut Nacional d'Educació Física de Catalunya
Q15055084,Rosa Khutor Extreme Park
Q4786048,Stone Mountain Park Archery Center
Q917328,Beijing National Stadium
Q4951840,Sydney Convention and Exhibition Centre
Q1221875,Snow Harp
Q4786050,Stone Mountain Park Archery Center
Q1222214,Hakuba
Q942891,Olympic Oval
Q776870,Olympic Oval
Q1360834,Beijing Shooting Range Clay Target Field
Q938848,ExCeL Exhibition Centre
Q1004861,Beihang University Gymnasium
Q1221922,Soldier Hollow
Q927998,Pragelato
Q385894,"Cypress Bowl Ski Areain Cypress Provincial Park, West Vancouver, British Columbia, Canada"
Q677027,Beijing National Stadium
Q843851,Whistler Olympic Park
Q15055035,Laura Biathlon & Ski Complex
Q4820134,Sydney Convention and Exhibition Centre
Q4786051,Stone Mountain Park Archery Center
Q7400330,Sydney
Q2268082,Royal Artillery Barracks
Q15055025,Laura Biathlon & Ski Complex
Q7656692,Jamsil Indoor Swimming Pool
Q776944,Centennial Olympic Stadium
Q7979971,Pavelló de l'Espanya Industrial
Q1222133,Hamar Olympic Amphitheatre
Q31843476,Real Club de Polo de Barcelona
Q7500836,Markópoulo Olympic Shooting Centre
Q1221798,Salt Lake Ice Center
Q2574045,Sestriere
Q3498697,Institut Nacional d'Educació Física de Catalunya
Q2352927,Lee Valley White Water Centre
Q921409,Whistler Olympic Park
Q256759,Soldier Hollow
Q2353523,Royal Artillery Barracks
Q848655,Whistler Olympic Park
Q903679,Lord's Cricket Ground
Q2289605,ExCeL London
Q525031,M-Wave
Q25386266,Carioca Arena 3
Q25384913,Carioca Arena 3
Q7979983,Georgia World Congress Center
Q2341653,Qingdao International Sailing Centre
Q905607,Whistler Sliding Centre
Q847280,Cesana San Sicario
Q1222635,Snowbasin – Wildflower
Q947691,Beijing National Stadium
Q1222014,Soldier Hollow
Q4786058,Sydney International Archery Park
Q1221877,Birkebeineren Ski Stadium
Q1221943,Les Saisies
Q826580,Cesana Pariol
Q7500829,Markópoulo Olympic ShootingCentre
Q3499058,Institut Nacional d'Educació Física de Catalunya
Q916747,Pacific Coliseum
Q7500849,Markópoulo Olympic ShootingCentre
Q5198388,Dunc Gray Velodrome
Q3498573,Institut Nacional d'Educació Física de Catalunya
Q1222488,Tignes
Q919261,Eton Dorney
Q7400323,Savannah
Q7400327,"Olympic Sailing Shore Base, Sydney Harbour"
Q886359,Sydney Superdome
Q3001408,Stone Mountain Velodrome
Q3879624,Georgia Tech Aquatic Center
Q25803,Georgia World Congress Center
Q8037964,Sydney Convention and Exhibition Centre
Q3879652,Piscines Bernat Picornell
Q3811011,Ano Liossia Olympic Hall
Q5443156,Sydney Exhibition Centre
Q3879619,Georgia Tech Aquatic Center
Q1004918,Soldier Hollow
Q1005749,Hakuba
Q3879623,Georgia Tech Aquatic Center
Q3998590,Sydney Opera House
Q3628689,Olympic Stadium
Q3628678,Olympic Stadium
Q3628682,Olympic Stadium
Q7500779,Mollet del Vallès
Q1004860,Oval Lingotto
Q10572415,Pavelló Club Joventut Badalona
Q3951953,Helliniko Olympic Complex
Q10572416,Jamsil Students' Gymnasium
Q5443153,Sydney Exhibition Centre
Q1005277,Snowbasin
Q3628765,Stadium Australia
Q8037927,Georgia World Congress Center
Q8037900,Sangmu Gymnasium
Q3879615,Georgia Tech Aquatic Center
Q10522584,Seoul Olympic Velodrome
Q10466379,Palau Blaugrana
Q10522549,Georgia World Congress Center
Q1005744,Nakiska
Q10522555,Georgia World Congress Center
Q129295,Atlanta
Q1422131,Centennial Olympic Stadium
Q5443144,Olympic Fencing Gymnasium
Q1028699,Athens Olympic Aquatic Centre
Q3837513,Ano Liosia Olympic Hall
Q3879643,Piscines Bernat Picornell
Q1076253,Sydney International Aquatic Centre
Q25791,Georgia World Congress Center
Q38591,Palace of Metallurgy
Q3879653,Piscines Bernat Picornell
Q5443138,Olympic Fencing Gymnasium
Q1004914,Hamar Olympic Hall
Q1004868,M-Wave
Q10522554,Jangchung Gymnasium
Q1409048,Estadi Olímpic de Montjuïc
Q3879625,Georgia Tech Aquatic Center
Q2297686,"Georgia International Horse Park, Conyers"
Q1408913,Olympic Stadium
Q7500771,Mollet del Vallès
Q587012,Olympic Modern Pentathlon Centre
Q1408709,Olympic Stadium
Q2311876,Centennial Olympic Stadium
Q3628696,Olympic Stadium
Q3837511,Ano Liosia Olympic Hall
Q3879664,Piscines Bernat Picornell
Q3879579,Olympic Aquatic Centre
Q7500774,Mollet del Vallès
Q1005740,Cesana Pariol
Q1005810,Shiga Kogen
Q5443137,Olympic Fencing Gymnasium
Q10495989,Pavelló Club Joventut Badalona
Q1222684,Park City
Q3628786,Stadium Australia
Q7980004,Sydney Convention and Exhibition Centre
Q3837512,Ano Liosia Olympic Hall
Q4160921,Jangchung Gymnasium
Q3879621,Georgia Tech Aquatic Center
Q3879645,Piscines Bernat Picornell
Q10581226,Jamsil Students' Gymnasium
Q3879650,Piscines Bernat Picornell
Q3879610,Georgia Tech Aquatic Center
Q3628781,Stadium Australia
Q7979994,Sydney Convention and Exhibition Centre
Q988363,Lysgårdsbakken
Q4443763,Sydney International Shooting Centre
Q25239316,Olympic Weightlifting Gymnasium
Q1222715,Hafjell
Q3879646,Piscines Bernat Picornell
Q3628761,Stadium Australia
Q1005069,Snow Harp
Q8037958,Sydney Convention and Exhibition Centre
Q4467907,Sydney Convention and Exhibition Centre
Q1004927,Les Saisies
Q3879658,Piscines Bernat Picornell
Q1406131,Olympic Stadium
Q825048,Pragelato
Q3925465,Peristeri Olympic Boxing Hall
Q823754,Utah Olympic Oval
Q3837507,Ano Liosia Olympic Hall
Q613746,Ancient Olympia Stadium
Q2303728,Estadi Olímpic de Montjuïc
Q1133965,Pavelló de la Mar Bella
Q2303535,Estadi Olímpic Lluís Companys
Q2313511,Athens Olympic Stadium
Q1042778,Oval Lingotto
Q7500789,Wolf Creek Shooting Complex
Q1004987,Birkebeineren Ski Stadium
Q4443764,Sydney International Shooting Centre
Q3565567,Sangmu Gymnasium
Q3628775,ANZ Stadium
Q1042789,Oval Lingotto
Q2445057,Athens
Q7980002,Sydney Convention and Exhibition Centre
Q10466402,Georgia World Congress Center
Q7500772,Mollet del Vallès
Q1005190,White Ring
Q1005188,L'anneau de vitesse
Q3811003,Ano Liossia Olympic Hall
Q585893,Sestriere
Q8037907,Institut Nacional d'Educació Física de Catalunya
Q2313481,Athens Olympic Stadium
Q7500793,Wolf Creek Shooting Complex
Q10572441,Alexander Memorial Coliseum
Q10719576,Pavelló Club Joventut Badalona
Q10466376,Georgia World Congress Center
Q8037959,Sydney Convention and Exhibition Centre
Q7980001,Sydney Convention and Exhibition Centre
Q10522543,Palau Blaugrana
Q1005755,Kanthaugen Freestyle Arena
Q10466381,Sydney Convention and Exhibition Centre
Q38594,Palace of Metallurgy
Q251465,Pragelato
Q3879620,Georgia Tech Campus Recreation Center
Q7500788,Wolf Creek Shooting Complex
Q8037930,Georgia World Congress Center
Q8037934,Georgia World Congress Center
Q3628705,Olympic Stadium
Q2318836,Athens Olympic Stadium
Q3879667,Piscines Bernat Picornell
Q3879614,Georgia Tech Aquatic Center
Q1115025,Athens Olympic Aquatic Centre
Q3879585,Sydney Olympic Park Aquatic Centre
Q58412558,Pavelló Club Joventut Badalona
Q3565575,Sangmu Gymnasium
Q10522535,Palau Blaugrana
Q825035,Bardonecchia
Q5970589,Jamsil Indoor Swimming Pool
Q3980076,Faliro Coastal Zone Olympic Complex
Q5448039,Hamar Olympic Amphitheatre
Q1408881,"Estadi Olímpic de MontjuïcBarcelona, Spain"
Q589310,"NSW Tennis Centre, Sydney"
Q1005616,Tignes
Q1222717,Shiga Kogen
Q3879598,Sydney International Aquatic Centre
Q1076376,Sydney International Aquatic Centre
Q1004934,Nozawa Onsen
Q3879567,Athens Olympic Aquatic Centre
Q7500786,Wolf Creek Shooting Complex
Q1005334,Spiral
Q1421749,Athens Olympic Velodrome
Q8037908,Institut Nacional d'Educació Física de Catalunya
Q595055,Stadium Australia
Q252875,Olympic Oval
Q8037965,Sydney Convention and Exhibition Centre
Q3879600,Sydney International Aquatic Centre
Q3628692,Olympic Stadium
Q1408936,Estadi Olímpic de Montjuïc
Q3628764,Stadium Australia
Q1005746,Kvitfjell
Q1004871,White Ring
Q826510,Utah Olympic Oval
Q7500777,Mollet del Vallès
Q1005365,Olympic Modern Pentathlon Centre
Q1026904,Palau Sant Jordi
Q25239314,Olympic Weightlifting Gymnasium
Q4160924,Sydney Convention and Exhibition Centre
Q3628782,Stadium Australia
Q3561230,Velòdrom d'Horta
Q570058,Athens Olympic Aquatic Centre
Q478542,Pragelato
Q3879662,Piscines Bernat Picornell
Q3879607,Georgia Tech Aquatic Center
Q3628785,Stadium Australia
Q824928,Bardonecchia
Q10466403,Palau Blaugrana
Q1130659,Athens Olympic Aquatic Centre
Q5644525,"Salt Lake Ice Center Salt Lake City, Utah, United States"
Q1183979,Athens Olympic Tennis Centre
Q10466384,Georgia World Congress Center
Q599322,Athens Olympic Aquatic Centre
Q3879583,Olympic Aquatic Centre
Q3879651,Piscines Bernat Picornell
Q3879608,Georgia Tech Aquatic Center
Q3879593,Sydney International Aquatic Centre
Q3628686,Olympic Stadium
Q4443765,Sydney International Shooting Centre
Q3628680,Olympic Stadium
Q3879569,Athens Olympic Aquatic Centre
Q3628770,Stadium Australia
Q1004926,Canmore Nordic Centre
Q5443136,Olympic Fencing Gymnasium
Q7500785,Wolf Creek Shooting Complex
Q8037923,Georgia World Congress Center
Q1408927,Estadi Olímpic de Montjuïc
Q8037919,Georgia World Congress Center
Q2557141,Athens Olympic Stadium
Q4160925,Sydney Convention and Exhibition Centre
Q3628703,Olympic Stadium
Q8037924,Georgia World Congress Center
Q1004869,La halle de glace Olympique
Q370917,Ano Liosia Olympic Hall
Q562654,"Seoul Olympic Park Tennis Center, Seoul"
Q8037913,Georgia World Congress Center
Q7500784,Wolf Creek Shooting Complex
Q8037937,Georgia World Congress Center
Q8037922,Georgia World Congress Center
Q1005313,Utah Olympic Park
Q3628704,Olympic Stadium
Q826500,Hamar Olympic Hall
Q10522577,Georgia World Congress Center
Q10522587,Seoul Olympic Velodrome
Q587805,Oval Lingotto
Q8037926,Georgia World Congress Center
Q1005371,Park City
Q1222712,Meribel
Q4354074,Markópoulo Olympic ShootingCentre
Q8037917,Georgia World Congress Center
Q3879628,Georgia Tech Aquatic Center
Q10522589,Jangchung Gymnasium
Q25939,Georgia World Congress Center
Q1422103,Centennial Olympic Stadium
Q3628792,Centennial Olympic Stadium
Q1005284,Nakiska
Q3730943,Markopoulo Olympic Equestrian Centre
Q1076363,Sydney International Aquatic Centre
Q7979997,Sydney Convention and Exhibition Centre
Q3837496,Ano Liosia Olympic Hall
Q1005211,Canmore Nordic Centre Provincial Park
Q1005811,Mount Yakebitai
Q3565605,Sangmu Gymnasium
Q1005575,Kvitfjell
Q1377439,Goudi Olympic Hall
Q2463752,Athens Olympic Stadium
Q3925468,Peristeri Olympic Boxing Hall
Q1005065,Les Saisies
Q3879761,Athens Olympic Aquatic Centre
Q13572928,Georgia World Congress Center
Q1005801,Sestriere
Q3628772,Stadium Australia
Q2318914,Olympic Stadium
Q1005571,"Nakiska,Kananaskis Village, Alberta, Canada"
Q1004961,L'anneau de vitesse
Q3879632,Georgia Tech Aquatic Center
Q7979995,Sydney Convention and Exhibition Centre
Q562647,"Seoul Olympic Park Tennis Center, Seoul"
Q1074316,Sydney International Aquatic Centre
Q3837498,Ano Liosia Olympic Hall
Q8037960,Sydney Convention and Exhibition Centre
Q256529,Cesana San Sicario
Q1005286,Val d'Isère
Q2557677,Olympic Stadium
Q7500761,Mollet del Vallès
Q1408888,Olympic Stadium
Q3879626,Georgia Tech Aquatic Center
Q10572465,Alexander Memorial Coliseum
Q10426127,Pavelló Club Joventut Badalona
Q3879611,Georgia Tech Aquatic Center
Q3879617,Georgia Tech Aquatic Center
Q3628774,Stadium Australia
Q1005731,Utah Olympic Park
Q1004964,Hamar Olympic Hall
Q3628783,Stadium Australia
Q3628702,Olympic Stadium
Q988370,Hakuba Ski Jumping Stadium (ski jumping)Snow Harp (cross-country skiing)
Q5443151,Sydney Exhibition Centre
Q3879635,Georgia Tech Aquatic Center
Q3837500,Ano Liosia Olympic Hall
Q1222721,Mount Yakebitai
Q10497007,Jamsil Students' Gymnasium
Q1076295,Sydney International Aquatic Centre
Q12808128,Georgia World Congress Center
Q22964459,"Lake Lanier, Georgia"
Q3628752,Athens Olympic Stadium
Q3879654,Piscines Bernat Picornell
Q25800,Georgia World Congress Center
Q38601,Palace of Metallurgy
Q384008,O.A.C.A. Olympic Indoor Hall
Q3628691,Olympic Stadium
Q3565736,Sangmu Gymnasium
Q3879589,Sydney International Aquatic Centre
Q2303677,Olympic Stadium
Q988374,Courchevel (ski jumping)Les Saisies (cross-country skiing)
Q3628754,Athens Olympic Stadium
Q1005155,Olympic Oval
Q3899247,The Dome and Exhibition Complex (fencing and shooting)Sydney International Aquatic Centre (swimming)Sydney Baseball Stadium (riding and running)
Q3837508,Ano Liosia Olympic Hall
Q3628777,ANZ Stadium
Q3628685,Olympic Stadium
Q8037969,Sydney Convention and Exhibition Centre
Q1005189,Salt Lake Ice Center
Q4160922,Sydney Convention and Exhibition Centre
Q1004936,Birkebeineren Ski Stadium
Q255955,Hamar Olympic Hall
Q8037967,Sydney Convention and Exhibition Centre
Q1004968,Salt Lake Ice Center
Q2313564,Athens Olympic Stadium
Q3879588,Sydney International Aquatic Centre
Q3561235,Velòdrom d'Horta
Q823663,Sauze d'Oulx
Q3628763,Stadium Australia
Q988367,Utah Olympic Park (ski jumping) & Soldier Hollow (cross-country)
Q1005804,Nakiska
Q7980006,Sydney Convention and Exhibition Centre
Q3879573,Athens Olympic Aquatic Centre
Q577507,Olympic Oval
Q1421581,Athens Olympic Velodrome
Q8037902,Institut Nacional d'Educació Física de Catalunya
Q1005572,"La face de BellevardeVal-d'Isère, France"
Q5443140,Olympic Fencing Gymnasium
Q1409055,Estadi Olímpic de Montjuïc
Q10466383,Palau Blaugrana
Q10572431,Pavelló Club Joventut Badalona
Q3879616,Georgia Tech Aquatic Center
Q1005328,Canada Olympic Park
Q3879602,Sydney International Aquatic Centre
Q3879604,Sydney International Aquatic Centre
Q3628690,Olympic Stadium
Q1005187,M-Wave
Q825731,Pragelato
Q2313552,Athens Olympic Stadium
Q3879595,Sydney International Aquatic Centre
Q22964458,Lake Lanier Olympic Center
Q4467905,Sydney Convention and Exhibition Centre
Q10426128,Jamsil Students' Gymnasium
Q3628687,Olympic Stadium
Q8037974,Sydney Convention and Exhibition Centre
Q2311975,Olympic Stadium
Q1005331,La Plagne
Q3925463,Peristeri Olympic Boxing Hall
Q825222,Utah Olympic Oval
Q825088,Bardonecchia
Q988361,Tremplin du Praz
Q4467910,Sydney Convention and Exhibition Centre
Q1156252,Vélodrome de Vincennes
Q1005158,M-Wave
Q3811001,Ano Liossia Olympic Hall
Q3925469,Peristeri Olympic Boxing Hall
Q1005808,Hafjell
Q10497009,Alexander Memorial Coliseum
Q1005108,Soldier Hollow
Q3879562,Athens Olympic Aquatic Centre
Q8037956,Sydney Convention and Exhibition Centre
Q822588,Ano Liosia Olympic Hall
Q2312004,Olympic Stadium
Q3879630,Georgia Tech Aquatic Center
Q10684072,Chamshil Students' Gymnasium
Q10522572,Georgia World Congress Center
Q1005351,Soldier Hollow
Q5443142,"SK Olympic Handball Gymnasium (then ""Olympic Fencing Gymnasium"")"
Q3879668,Piscines Bernat Picornell
Q10466392,Palau Blaugrana
Q3837518,Ano Liosia Olympic Hall
Q3879594,Sydney International Aquatic Centre
Q3628708,Seoul Olympic Stadium
Q1076347,Sydney International Aquatic Centre
Q8037915,Georgia World Congress Center
Q10466400,Seoul Olympic Velodrome
Q3628683,Seoul Olympic Stadium
Q1004965,M-Wave
Q1005617,Kanthaugen Freestyle Arena
Q2558525,Olympic Stadium
Q38410,Palace of Metallurgy
Q3811009,Ano Liossia Olympic Hall
Q1069209,Oval Lingotto
Q1408901,Estadi Olimpíc de Montjuïc
Q8037906,Institut Nacional d'Educació Física de Catalunya
Q988372,Lysgårdsbakken (ski jumping)Birkebeineren Ski Stadium (cross-country skiing)
Q3811005,Ano Liossia Olympic Hall
Q2328217,Sydney International Archery Park
Q4088890,Lillehammer Olympic Bobsleigh and Luge Track
Q3628766,Stadium Australia
Q8037901,Institut Nacional d'Educació Física de Catalunya
Q3879633,Georgia Tech Aquatic Center
Q10684073,Pavelló Club Joventut Badalona
Q3879596,Sydney International Aquatic Centre
Q2311908,Stadium Australia
Q3500417,Sangmu Gymnasium
Q1004913,L'anneau de vitesse
Q4088891,Lillehammer Olympic Bobsleigh and Luge Track
Q1004989,Les Saisies
Q10572423,Alexander Memorial Coliseum
Q1076244,Sydney International Aquatic Centre
Q10581228,Pavelló Club Joventut Badalona
Q3899246,The Dome and Exhibition Complex (fencing and shooting)Sydney International Aquatic Centre (swimming)Sydney Baseball Stadium (riding and running)
Q1005621,Deer Valley
Q988359,Canada Olympic Park
Q3500407,Sangmu Gymnasium
Q3879581,Olympic Aquatic Centre
Q3879564,Athens Olympic Aquatic Centre
Q1408869,Olympic Stadium
Q1408852,Estadi Olímpic de Montjuïc
Q3628679,Olympic Stadium
Q10706346,Jamsil Students' Gymnasium
Q8037929,Georgia World Congress Center
Q1141105,Olympic Aquatic Centre
Q1005157,Stade de Patinage Olympique
Q1408920,Estadi Olímpic de Montjuïc
Q1004870,Hamar Olympic Amphitheatre
Q3837497,Ano Liosia Olympic Hall
Q3837499,Ano Liosia Olympic Hall
Q3837505,Ano Liosia Olympic Hall
Q3879627,Georgia Tech Aquatic Center
Q824919,Pragelato
Q8037932,Georgia World Congress Center
Q8037918,Georgia World Congress Center
Q541316,Olympic Oval
Q2311887,Stadium Australia
Q4160927,Sydney Convention and Exhibition Centre
Q1005292,Kvitfjell and Hafjell
Q3879580,Olympic Aquatic Centre
Q3879561,Athens Olympic Aquatic Centre
Q7500758,Mollet del Vallès
Q824803,Pragelato
Q1005214,Snow Harp
Q10522594,Georgia World Congress Center
Q4354615,Markópoulo Olympic ShootingCentre
Q7979985,Georgia World Congress Center
Q1423968,Centennial Olympic Stadium
Q7979988,Georgia World Congress Center
Q3811004,Ano Liossia Olympic Hall
Q1004928,Birkebeineren Ski Stadium
Q988351,Park City
Q3879629,Georgia Tech Aquatic Center
Q2312939,Athens Olympic Stadium
Q3811006,Ano Liossia Olympic Hall
Q38605,Palace of Metallurgy
Q1004924,Cesana San Sicario
Q3879642,Piscines Bernat Picornell
Q25784,Georgia World Congress Center
Q10466389,Palau Blaugrana
Q1005557,Snowbasin
Q3925471,Peristeri Olympic Boxing Hall
Q826487,Utah Olympic Oval
Q3879613,Georgia Tech Aquatic Center
Q825058,Pragelato
Q3879574,Olympic Aquatic Centre
Q3980074,Faliro Coastal Zone Olympic Complex
Q3879656,Piscines Bernat Picornell
Q5443145,Olympic Fencing Gymnasium
Q3811007,Ano Liossia Olympic Hall
Q10522575,Palau Blaugrana
Q3951952,Helliniko Olympic Complex
Q3628699,"Jamsil Olympic Stadium, Seoul"
Q3628759,Stadium Australia
Q1408856,Estadi Olímpic de Montjuïc
Q10522548,Palau Blaugrana
Q25782,Georgia World Congress Center
Q10572432,Jamsil Students' Gymnasium
Q2558983,Athens Olympic Stadium
Q3879565,Athens Olympic Aquatic Centre
Q10466371,Palau Blaugrana
Q2313443,Athens Olympic Stadium
Q376518,Soldier Hollow
Q2557129,Athens Olympic Stadium
Q1005643,Shiga Kogen
Q1005782,Park City
Q579346,Sydney International Archery Park
Q3998587,Vouliagmeni Olympic Centre
Q25780,Georgia World Congress Center
Q8037962,Sydney Convention and Exhibition Centre
Q3628776,Stadium Australia
Q3925462,Peristeri Olympic Boxing Hall
Q8037914,Georgia World Congress Center
Q8037957,Sydney Convention and Exhibition Centre
Q7500762,Mollet del Vallès
Q3837510,Ano Liosia Olympic Hall
Q1222713,Nakiska
Q823194,Bardonecchia
Q10522593,Palau Blaugrana
Q3628688,Olympic Stadium
Q25793,Georgia World Congress Center
Q1005374,Kanbayashi Snowboard Park
Q1004937,Snow Harp
Q1110152,Athens Olympic Stadium
Q8037928,Georgia World Congress Center
Q1424018,Centennial Olympic Stadium
Q13583141,Peristeri Olympic Boxing Hall
Q1005047,Nozawa Onsen
Q1005741,Snowbasin
Q10495988,Jamsil Students' Gymnasium
Q1304082,"Pavilion 3, Sydney Olympic Park"
Q1074357,Sydney International Aquatic Centre
Q3879634,Georgia Tech Aquatic Center
Q8037916,Georgia World Congress Center
Q10719575,Alexander Memorial Coliseum
Q10581227,Alexander Memorial Coliseum
Q2558493,Olympic Stadium
Q1005041,Canmore Nordic Centre
Q8037903,Sangmu Gymnasium
Q22964455,Lake Lanier
Q591555,Soldier Hollow
Q3628779,"Stadium Australia, Sydney"
Q3628697,"Jamsil Olympic Stadium, Seoul"
Q3628684,Olympic Stadium
Q2443986,"Marathon to Athens, Greece"
Q4443767,Sydney International Shooting Centre
Q3925466,Peristeri Olympic Boxing Hall
Q370863,Athens Olympic Aquatic Centre
Q3991750,Panathinaiko Stadium
Q10706347,Pavelló Club Joventut Badalona
Q8037970,Sydney Convention and Exhibition Centre
Q55615395,Jangchung Gymnasium
Q8037909,Institut Nacional d'Educació Física de Catalunya
Q10572462,Jamsil Students' Gymnasium
Q3879587,Sydney International Aquatic Centre
Q38407,Palace of Metallurgy
Q605663,"Palavela Turin, Italy"
Q988348,Hakuba Ski Jumping Stadium
Q38599,Palau de la Metal·lúrgia
Q3811013,Ano Liossia Olympic Hall
Q1405425,Olympic Stadium
Q1005042,Les Saisies
Q1005124,Birkebeineren Ski Stadium
Q1005133,Nozawa Onsen
Q25795,Georgia World Congress Center
Q4357642,Markópoulo Olympic ShootingCentre
Q2308435,Centennial Olympic Stadium
Q3837506,Ano Liosia Olympic Hall
Q4160923,Sydney Convention and Exhibition Centre
Q1005213,Les Saisies
Q10572439,Pavelló Club Joventut Badalona
Q7979998,Sydney Convention and Exhibition Centre
Q10572421,Jamsil Students' Gymnasium
Q7500782,Wolf Creek Shooting Complex
Q3879669,Piscines Bernat Picornell
Q826529,Utah Olympic Oval
Q1005639,Nakiska
Q3998589,Vouliagmeni Olympic Centre
Q3561232,Stone Mountain Park Velodrome
Q1005103,Snow Harp
Q8037955,Sydney Convention and Exhibition Centre
Q3837504,Ano Liosia Olympic Hall
Q10522553,Palau Blaugrana
Q3879622,Georgia Tech Aquatic Center
Q10609400,Agios Kosmas Olympic Sailing Centre
Q3811000,Ano Liosia Olympic Hall
Q7500768,Mollet del Vallès
Q1005172,Oval Lingotto
Q25798,Georgia World Congress Center
Q3628791,Centennial Olympic Stadium
Q3628780,"Stadium Australia, Sydney"
Q3879563,Olympic Aquatic Centre
Q5443139,Olympic Fencing Gymnasium
Q1408906,Estadi Olímpic de Montjuïc
Q13424670,Sydney Exhibition Centre
Q3879641,Piscines Bernat Picornell
Q1408846,Olympic Stadium
Q1076288,Sydney International Aquatic Centre
Q582514,Olympic Stadium
Q7500776,Mollet del Vallès
Q1005212,Birkebeineren Ski Stadium
Q3811002,Ano Liossia Olympic Hall
Q7500756,Mollet del Vallès
Q7500764,Mollet del Vallès
Q8037905,Sangmu Gymnasium
Q8037920,Georgia World Congress Center
Q10719573,Jamsil Students' Gymnasium
Q10572440,Jamsil Students' Gymnasium
Q1004985,Canmore Nordic Centre Provincial Park
Q10466375,Palau Blaugrana
Q3879570,Olympic Aquatic Centre
Q3811010,Ano Liossia Olympic Hall
Q252584,Hamar Olympic Hall
Q8037963,Sydney Convention and Exhibition Centre
Q10522571,Palau Blaugrana
Q3628767,Stadium Australia
Q988369,Canada Olympic Park (ski jumping)Canmore Nordic Centre (cross-country skiing)
Q1409616,Estadi Olímpic de Montjuïc
Q1221778,Olympic Oval
Q2306535,Estadi Olímpic de Montjuïc
Q3879618,Georgia Tech Aquatic Center
Q7500791,Wolf Creek Shooting Complex
Q3980075,Faliro Coastal Zone Olympic Complex
Q1004952,Oval Lingotto
Q10581231,Sydney Convention and Exhibition Centre
Q4000244,Piscina Municipal de Montjuïc
Q826519,Utah Olympic Oval
Q1027135,Palau Sant Jordi
Q1408797,Estadi Olímpic de Montjuïc
Q3879649,Piscines Bernat Picornell
Q3879644,Piscines Bernat Picornell
Q988364,Utah Olympic Park (ski jumping) & Soldier Hollow (cross-country)
Q4354069,Sydney International Shooting Centre
Q10522576,Jangchung Gymnasium
Q1005757,Iizuna Kogen Ski Area
Q3837509,Ano Liosia Olympic Hall
Q3628681,Olympic Stadium
Q1005618,Iizuna Kogen Ski Area
Q5448040,Hamar Olympic Amphitheatre
Q38412,Palau de la Metal·lúrgia
Q1004991,Snow Harp
Q988347,Tremplin du Praz
Q5443155,Sydney Exhibition Centre
Q1408897,Estadi Olímpic Lluís Companys
Q10706348,Alexander Memorial Coliseum
Q3565760,Sangmu Gymnasium
Q596754,Pragelato
Q10497008,Pavelló Club Joventut Badalona
Q3628701,Seoul Olympic Stadium
Q3879647,Piscines Bernat Picornell
Q3628778,ANZ Stadium
Q3561228,Stone Mountain
Q2552272,"Marathon to Athens, Greece"
Q3879655,Piscines Bernat Picornell
Q1005753,Park City
Q988362,Hakuba Ski Jumping Stadium
Q1005296,Hakuba
Q1005066,Birkebeineren Ski Stadium
Q3879576,Athens Olympic Aquatic Centre
Q7979991,Georgia World Congress Center
Q3998591,Sydney Opera House
Q1004915,M-Wave
Q1415848,Athens Olympic Velodrome
Q3879572,Athens Olympic Aquatic Centre
Q8037940,Georgia World Congress Center
Q8037966,Sydney Convention and Exhibition Centre
Q10522550,Sydney Convention and Exhibition Centre
Q3879660,Piscines Bernat Picornell
Q3628700,Seoul Olympic Stadium (start and finish)
Q3628760,Stadium Australia
Q1005063,Canmore Nordic Centre Provincial Park
Q26860,Centennial Olympic Stadium
Q3879659,Piscines Bernat Picornell
Q1141034,Athens Olympic Aquatic Centre
Q1005333,Lillehammer Olympic Bobsleigh and Luge Track
Q3925470,Peristeri Olympic Boxing Hall
Q1004888,Soldier Hollow
Q1005044,Birkebeineren Ski Stadium
Q10572463,Pavelló Club Joventut Badalona
Q4467904,Sydney Convention and Exhibition Centre
Q1005576,Hakuba
Q12808144,Sydney Convention and Exhibition Centre
Q55615399,Jangchung Gymnasium
Q7979987,Georgia World Congress Center
Q25239317,Olympic Weightlifting Gymnasium
Q3879597,Sydney International Aquatic Centre
Q1042644,Sestriere
Q1004935,Les Saisies
Q3811012,Ano Liossia Olympic Hall
Q1408876,Estadi Olímpic Lluís Companys
Q5481589,Markópoulo Olympic ShootingCentre
Q3500383,Sangmu Gymnasium
Q372925,Pragelato
Q3879657,Piscines Bernat Picornell
Q4443766,Sydney International Shooting Centre
Q615345,San Sicario
Q576599,Sauze d'Oulx
Q7979999,Sydney Convention and Exhibition Centre
Q1005805,Val d'Isère
Q55615398,Jangchung Gymnasium
Q3879648,Piscines Bernat Picornell
Q3811008,Ano Liossia Olympic Hall
Q1421727,Athens Olympic Velodrome
Q1004863,L'anneau de vitesse
Q128040,Atlanta
Q1005192,Hamar Olympic Amphitheatre
Q4160926,Sydney Convention and Exhibition Centre
Q823675,Bardonecchia
Q3628773,Stadium Australia
Q3879603,Sydney International Aquatic Centre
Q1407627,"Estadi Olímpic Lluís Companys, Barcelona"
Q1408300,Panathinaiko Stadium
