qid,sport
Q303623,Canoeing
Q607635,Speed skating
Q939000,Cycling
Q26233801,Gymnastics
Q743905,Athletics
Q1433269,Athletics
Q1005784,Athletics
Q1005641,Alpine skiing
Q3628768,Athletics
Q7400295,Sailing
Q15506518,Short-track speed skating
Q4951829,Boxing
Q26212143,Weightlifting
Q250187,Swimming
Q1221945,Cross-country skiing
Q3879591,Swimming
Q25239321,Weightlifting
Q1205250,Shooting
Q766586,Speed skating
Q850246,Short-track speed skating
Q2071152,Swimming
Q2071160,Swimming
Q1204722,Shooting
Q26208755,Athletics
Q2500292,Sailing
Q870647,Nordic combined
Q7662173,Synchronized swimming
Q15619183,Figure skating
Q25239533,Weightlifting
Q4951830,Boxing
Q1005783,Taekwondo
Q7372012,Rowing
Q3879590,Swimming
Q1221969,Cross-country skiing
Q3628769,Athletics
Q1005640,Alpine skiing
Q744487,Athletics
Q26233821,Athletics
Q1433109,Athletics
Q1049551,Athletics
Q2071129,Athletics
Q2071135,Athletics
Q2090641,Athletics
Q26219843,Athletics
Q26208467,Athletics
Q2001009,Athletics
Q65242144,Athletics
Q1799275,Athletics
Q1771990,Athletics
Q2194130,Cycling
Q26219851,Taekwondo
Q1043342,Athletics
Q1063589,Cycling
Q26212188,Weightlifting
Q26219850,Taekwondo
Q256559,Swimming
Q1185004,Swimming
Q657467,Athletics
Q754412,Cycling
Q15056220,Speed skating
Q24760634,Cycling
Q25386275,Fencing
Q950563,Swimming
Q47296499,Figure skating
Q26242953,Diving
Q26235881,Diving
Q26237528,Diving
Q26237418,Shooting
Q26243423,Diving
Q26234145,Athletics
Q26261258,Gymnastics
Q26262523,Cycling
Q26259596,Cycling
Q26261256,Gymnastics
Q26265815,Cycling
Q26262252,Cycling
Q26273359,Athletics
Q26263572,Cycling
Q26260960,Cycling
Q26234144,Athletics
Q26234119,Athletics
Q26291516,Cycling
Q26234051,Athletics
Q26233995,Athletics
Q26430868,Diving
Q284413,Gymnastics
Q3223718,Ice hockey
Q26233317,Athletics
Q26233122,Athletics
Q3082710,Sailing
Q26229077,Diving
Q26233320,Athletics
Q284936,Gymnastics
Q26233297,Athletics
Q26233103,Athletics
Q284423,Gymnastics
Q326112,Gymnastics
Q26233319,Athletics
Q1064016,Judo
Q1055931,Athletics
Q26219862,Athletics
Q26225492,Athletics
Q1064728,Cycling
Q26212225,Athletics
Q26224939,Athletics
Q26219861,Athletics
Q369846,Swimming
Q26225938,Athletics
Q326384,Boxing
Q26212202,Athletics
Q1005787,Judo
Q26223026,Athletics
Q26219858,Athletics
Q26221551,Triathlon
Q26219856,Athletics
Q1050909,Athletics
Q1064358,Diving
Q1064845,Marathon swimming
Q1140736,Badminton
Q62020022,Rowing
Q65235520,Judo
Q26219821,Shooting
Q26219841,Athletics
Q110316274,Figure skating
Q65243912,Skateboarding
Q65235537,Judo
Q1076273,Badminton
Q2070009,Athletics
Q65235488,Judo
Q1188476,Rowing
Q65235512,Judo
Q47295256,Figure skating
Q65235562,Judo
Q2000949,Athletics
Q2000999,Athletics
Q65235574,Judo
Q2000988,Athletics
Q1094662,Judo
Q110316264,Figure skating
Q627905,Judo
Q65243916,Skateboarding
Q590226,Judo
Q1193963,Judo
Q26219839,Athletics
Q65235568,Judo
Q2000979,Athletics
Q65242281,Gymnastics
Q110264101,Bobsleigh
Q62020023,Rowing
Q645932,Athletics
Q370500,Rowing
Q1065654,Beach volleyball
Q110264143,Bobsleigh
Q26214545,Athletics
Q2070547,Athletics
Q2071171,Athletics
Q62020027,Rowing
Q26208357,Archery
Q62020029,Rowing
Q1144277,Badminton
Q1193975,Judo
Q531436,Swimming
Q47155555,Biathlon
Q26086643,Athletics
Q62020033,Rowing
Q1076798,Judo
Q47296003,Figure skating
Q65242368,Triathlon
Q591384,Athletics
Q62020025,Rowing
Q1076967,Judo
Q47263008,Figure skating
Q2000968,Athletics
Q1067177,Freestyle skiing
Q62020035,Rowing
Q26208442,Athletics
Q62020026,Rowing
Q47455933,Short-track speed skating
Q2069991,Athletics
Q110316174,Figure skating
Q62020030,Rowing
Q65235495,Judo
Q47310015,Short-track speed skating
Q586832,Figure skating
Q62020031,Rowing
Q110324226,Figure skating
Q25991470,Marathon swimming
Q2000939,Athletics
Q603519,Judo
Q26219842,Athletics
Q65235505,Judo
Q2036655,Cycling
Q110264144,Bobsleigh
Q26215594,Athletics
Q62020028,Rowing
Q536380,Rowing
Q585714,Judo
Q26037158,Tennis
Q47155815,Biathlon
Q26208457,Athletics
Q25991460,Marathon swimming
Q65235542,Judo
Q65243918,Skateboarding
Q26203840,Athletics
Q26208447,Athletics
Q25991453,Swimming
Q62020036,Rowing
Q2001050,Swimming
Q62020024,Rowing
Q62020034,Rowing
Q57083855,Badminton
Q47295100,Figure skating
Q1068773,Rowing
Q110264107,Bobsleigh
Q21858018,Athletics
Q22968982,Rowing
Q47155505,Biathlon
Q1772012,Athletics
Q1798905,Swimming
Q24906828,Diving
Q942500,Bobsleigh
Q938805,Cycling
Q28209,Diving
Q25476845,Cycling
Q25476835,Cycling
Q24995398,Beach volleyball
Q1798873,Athletics
Q666951,Alpine skiing
Q25301754,Badminton
Q1649415,Athletics
Q1827915,Athletics
Q21858030,Athletics
Q25301787,Badminton
Q739527,Marathon swimming
Q47091419,Biathlon
Q15055975,Bobsleigh
Q938130,Judo
Q247273,Judo
Q25396697,Archery
Q47155365,Biathlon
Q1798983,Athletics
Q25397537,Athletics
Q693595,Athletics
Q843287,Cycling
Q960100,Judo
Q24825467,Beach volleyball
Q2437166,Cycling
Q1753402,Athletics
Q956242,Athletics
Q1345726,Badminton
Q22968981,Rowing
Q1222270,Rowing
Q932145,Judo
Q22968972,Rowing
Q1005337,Rowing
Q1005506,Rowing
Q782396,Badminton
Q25476761,Cycling
Q1337276,Badminton
Q25301916,Badminton
Q47105341,Biathlon
Q938833,Cycling
Q1986718,Athletics
Q937510,Diving
Q15056097,Freestyle skiing
Q2268451,Marathon swimming
Q25396702,Archery
Q31850,Boxing
Q1798882,Athletics
Q764131,Diving
Q916735,Figure skating
Q937526,Diving
Q25301472,Badminton
Q658077,Figure skating
Q24761058,Cycling
Q22968977,Rowing
Q15056098,Freestyle skiing
Q1005551,Judo
Q1636766,Athletics
Q22968980,Rowing
Q25476545,Cycling
Q732985,Freestyle skiing
Q843436,Athletics
Q1799251,Athletics
Q22968985,Rowing
Q733756,Athletics
Q15620701,Figure skating
Q1005683,Rowing
Q15620726,Figure skating
Q15054997,Alpine skiing
Q47155425,Biathlon
Q22968983,Rowing
Q1772017,Athletics
Q945090,Rowing
Q1798867,Athletics
Q47155541,Biathlon
Q22968979,Rowing
Q767351,Rowing
Q1799157,Athletics
Q1771958,Athletics
Q1005508,Rowing
Q25396694,Archery
Q22968974,Rowing
Q22968986,Rowing
Q15052026,Biathlon
Q15056101,Freestyle skiing
Q47155408,Biathlon
Q1005554,Judo
Q947750,Athletics
Q1005379,Diving
Q2269155,Cycling
Q22968973,Rowing
Q1005663,Judo
Q28166,Diving
Q143007,Badminton
Q1414502,Badminton
Q15055978,Bobsleigh
Q734020,Athletics
Q25476541,Cycling
Q15620700,Figure skating
Q22968984,Rowing
Q1004931,Marathon swimming
Q15292539,Figure skating
Q47155467,Biathlon
Q1754221,Synchronized swimming
Q779173,Judo
Q225969,Biathlon
Q23747965,Tennis
Q427022,Rowing
Q765839,Athletics
Q25301483,Badminton
Q14643120,Biathlon
Q841530,Athletics
Q22968976,Rowing
Q832282,Alpine skiing
Q918063,Beach volleyball
Q15056102,Freestyle skiing
Q47155371,Biathlon
Q769542,Figure skating
Q1464256,Badminton
Q28163,Diving
Q1222420,Rowing
Q15056279,Skeleton
Q26237421,Shooting
Q26242954,Sailing
Q26237420,Shooting
Q26237423,Shooting
Q26237427,Shooting
Q26245392,Gymnastics
Q26254891,Sailing
Q26250761,Sailing
Q26235041,Shooting
Q26237425,Shooting
Q26241858,Sailing
Q26237636,Swimming
Q26254912,Gymnastics
Q26271841,Wrestling
Q26265496,Gymnastics
Q26262259,Sailing
Q26269194,Canoeing
Q26263222,Wrestling
Q26262262,Sailing
Q26262295,Sailing
Q26268459,Wrestling
Q26265678,Gymnastics
Q26260943,Cycling
Q26269219,Canoeing
Q26263261,Sailing
Q26256610,Synchronized swimming
Q26269232,Canoeing
Q26256651,Synchronized swimming
Q26271817,Wrestling
Q26265754,Sailing
Q26262261,Sailing
Q26268456,Wrestling
Q2732034,Rowing
Q26389812,Equestrian
Q2718015,Cycling
Q26419091,Wrestling
Q26308744,Canoeing
Q26406504,Modern pentathlon
Q2648878,Canoeing
Q26404105,Wrestling
Q2726820,Fencing
Q26334986,Canoeing
Q2726788,Fencing
Q26334232,Canoeing
Q26305911,Canoeing
Q26320658,Wrestling
Q2726746,Fencing
Q26308566,Equestrian
Q269521,Weightlifting
Q26404138,Wrestling
Q26406514,Modern pentathlon
Q26328066,Wrestling
Q26334713,Diving
Q2726750,Fencing
Q263926,Snowboarding
Q26339635,Wrestling
Q26334907,Canoeing
Q2687405,Sailing
Q2634280,Sailing
Q2715839,Weightlifting
Q26280676,Wrestling
Q26294065,Wrestling
Q26339577,Wrestling
Q2732321,Rowing
Q2731531,Rowing
Q2731998,Rowing
Q26294109,Wrestling
Q2718019,Cycling
Q26333692,Canoeing
Q26401684,Triathlon
Q26419030,Wrestling
Q26335055,Canoeing
Q26234091,Athletics
Q26328052,Wrestling
Q2732386,Sailing
Q26233790,Gymnastics
Q26233786,Gymnastics
Q26233793,Gymnastics
Q26233796,Gymnastics
Q26233794,Gymnastics
Q26233798,Gymnastics
Q288549,Athletics
Q305439,Wrestling
Q3039134,Sailing
Q303268,Nordic combined
Q26233791,Gymnastics
Q26233478,Shooting
Q2936542,Canoeing
Q2740554,Weightlifting
Q26233783,Gymnastics
Q26233795,Gymnastics
Q3082335,Equestrian
Q305171,Swimming
Q26233789,Gymnastics
Q26233797,Gymnastics
Q326382,Boxing
Q26228283,Shooting
Q1043354,Athletics
Q1042705,Canoeing
Q26212366,Table tennis
Q26212190,Weightlifting
Q1043361,Athletics
Q1043405,Swimming
Q348720,Boxing
Q1043347,Athletics
Q3513763,Taekwondo
Q348714,Boxing
Q26220718,Shooting
Q1005771,Triathlon
Q26219852,Taekwondo
Q1064571,Cycling
Q26212275,Canoeing
Q26212310,Weightlifting
Q26219853,Taekwondo
Q1064381,Cycling
Q334901,Shooting
Q332673,Boxing
Q1005722,Shooting
Q1042441,Synchronized swimming
Q26219865,Equestrian
Q1064410,Snowboarding
Q26219855,Taekwondo
Q1051974,Fencing
Q26212177,Weightlifting
Q26213159,Canoeing
Q368950,Sailing
Q1005719,Shooting
Q1750589,Weightlifting
Q25991462,Swimming
Q1077323,Cycling
Q497491,Sailing
Q1565131,Badminton
Q2171151,Wrestling
Q107861717,Biathlon
Q544177,Athletics
Q539696,Canoeing
Q26218171,Shooting
Q656724,Nordic combined
Q7372006,Rowing
Q370708,Wrestling
Q2570052,Fencing
Q7400301,Sailing
Q2070431,Boxing
Q1573389,Cycling
Q2563908,Sailing
Q18391270,Rowing
Q22964432,Rowing
Q25991452,Swimming
Q7400304,Sailing
Q7372003,Rowing
Q1439757,Athletics
Q1573400,Cycling
Q526367,Canoeing
Q1066796,Taekwondo
Q25932069,Swimming
Q602540,Swimming
Q25863642,Swimming
Q2570149,Fencing
Q47309900,Short-track speed skating
Q22964430,Rowing
Q1560063,Badminton
Q7400296,Sailing
Q7372011,Rowing
Q26212154,Boxing
Q2070029,Swimming
Q17063531,Swimming
Q47309816,Short-track speed skating
Q26155833,Golf
Q522820,Weightlifting
Q26212159,Judo
Q2070048,Boxing
Q2071238,Canoeing
Q107802331,Biathlon
Q1067796,Swimming
Q26212148,Weightlifting
Q2022105,Badminton
Q603505,Swimming
Q2566720,Sailing
Q526698,Swimming
Q1997551,Weightlifting
Q383513,Biathlon
Q2026292,Swimming
Q1192124,Weightlifting
Q1856784,Cycling
Q508776,Weightlifting
Q65242336,Tennis
Q26212150,Weightlifting
Q2065523,Cycling
Q580474,Cycling
Q578012,Ski jumping
Q1444605,Athletics
Q2071266,Swimming
Q17033536,Shooting
Q379473,Short-track speed skating
Q727674,Swimming
Q15056263,Boxing
Q7400300,Sailing
Q65242164,Athletics
Q734628,Snowboarding
Q26212147,Weightlifting
Q2212666,Cycling
Q609985,Cycling
Q727687,Swimming
Q107802335,Biathlon
Q2133123,Cycling
Q26218913,Equestrian
Q22964428,Rowing
Q22964421,Rowing
Q22964427,Rowing
Q635304,Cycling
Q25927636,Swimming
Q25991454,Swimming
Q7372004,Rowing
Q684586,Athletics
Q25932068,Swimming
Q22964424,Rowing
Q1184283,Equestrian
Q1067970,Taekwondo
Q26208276,Boxing
Q26218605,Boxing
Q17018014,Cycling
Q65235550,Judo
Q7400311,Sailing
Q1095367,Weightlifting
Q574129,Badminton
Q7372002,Rowing
Q22964423,Rowing
Q26217722,Table tennis
Q1194001,Swimming
Q2025976,Table tennis
Q1139399,Weightlifting
Q600157,Wrestling
Q257545,Athletics
Q25932666,Swimming
Q17063534,Swimming
Q1750582,Weightlifting
Q17515791,Rowing
Q26218947,Swimming
Q2563992,Table tennis
Q7372009,Rowing
Q374871,Archery
Q2022221,Badminton
Q26212176,Weightlifting
Q571174,Wrestling
Q2022115,Badminton
Q65242363,Triathlon
Q1750592,Weightlifting
Q571263,Cross-country skiing
Q15703663,Nordic combined
Q613571,Biathlon
Q22964422,Rowing
Q2051400,Swimming
Q595972,Speed skating
Q17515790,Rowing
Q593761,Athletics
Q65242200,Athletics
Q47309929,Short-track speed skating
Q26208602,Boxing
Q737066,Badminton
Q22964434,Rowing
Q628945,Cycling
Q2570068,Fencing
Q26212144,Weightlifting
Q107861723,Biathlon
Q1066390,Athletics
Q7400298,Sailing
Q26212146,Weightlifting
Q26219832,Judo
Q17088224,Shooting
Q47309958,Short-track speed skating
Q198766,Athletics
Q1067077,Taekwondo
Q25991451,Swimming
Q584030,Modern pentathlon
Q7371998,Rowing
Q595962,Cross-country skiing
Q581364,Wrestling
Q26217871,Judo
Q20948675,Canoeing
Q25927635,Swimming
Q7400299,Sailing
Q1137721,Shooting
Q26218607,Boxing
Q547331,Rowing
Q26219824,Shooting
Q1440658,Athletics
Q18449954,Synchronized swimming
Q2142977,Taekwondo
Q7400307,Sailing
Q2048869,Wrestling
Q25991449,Swimming
Q1156695,Fencing
Q2198226,Athletics
Q1143843,Fencing
Q16968702,Rowing
Q1750576,Weightlifting
Q1193987,Swimming
Q679870,Weightlifting
Q374383,Tennis
Q735286,Rowing
Q2563962,Sailing
Q1089565,Swimming
Q1439323,Athletics
Q2563927,Sailing
Q26212160,Judo
Q577260,Cycling
Q26219830,Judo
Q2091137,Wrestling
Q220855,Athletics
Q26213161,Canoeing
Q2618235,Equestrian
Q1075752,Modern pentathlon
Q1439338,Athletics
Q25991466,Swimming
Q656634,Athletics
Q579227,Swimming
Q25991463,Swimming
Q221335,Cross-country skiing
Q613470,Nordic combined
Q1156706,Fencing
Q1156710,Fencing
Q25932055,Swimming
Q65235579,Judo
Q1156700,Fencing
Q607576,Weightlifting
Q2157561,Taekwondo
Q65242174,Athletics
Q2112865,Cycling
Q1575430,Badminton
Q596094,Swimming
Q107861696,Biathlon
Q2070832,Cycling
Q107861714,Biathlon
Q47309836,Short-track speed skating
Q584005,Sailing
Q517035,Athletics
Q1750716,Weightlifting
Q26212152,Boxing
Q1604222,Short-track speed skating
Q162056,Badminton
Q107861706,Biathlon
Q7400306,Sailing
Q1084677,Athletics
Q22964420,Rowing
Q107861726,Biathlon
Q733026,Athletics
Q1534918,Alpine skiing
Q25863624,Swimming
Q259965,Ski jumping
Q7400309,Sailing
Q16953154,Boxing
Q2072744,Wrestling
Q609385,Rowing
Q26217896,Judo
Q19819174,Equestrian
Q47309990,Short-track speed skating
Q25991461,Swimming
Q1094686,Swimming
Q2096231,Wrestling
Q26155830,Weightlifting
Q26218598,Judo
Q26212155,Boxing
Q26155834,Golf
Q2570158,Fencing
Q25991459,Swimming
Q7400308,Sailing
Q1067772,Swimming
Q1750578,Weightlifting
Q107861699,Biathlon
Q107861710,Biathlon
Q26212161,Judo
Q1193982,Swimming
Q635823,Snowboarding
Q2201769,Athletics
Q7371997,Rowing
Q1005685,Taekwondo
Q2564420,Sailing
Q586729,Speed skating
Q22964419,Rowing
Q26218466,Judo
Q22964425,Rowing
Q26215191,Athletics
Q26155829,Weightlifting
Q1075735,Modern pentathlon
Q1193966,Swimming
Q26217865,Judo
Q1156715,Fencing
Q662887,Freestyle skiing
Q1439291,Athletics
Q580481,Speed skating
Q1131387,Equestrian
Q2070058,Boxing
Q65235532,Judo
Q7400302,Sailing
Q1997032,Weightlifting
Q7372007,Rowing
Q1750591,Weightlifting
Q26212162,Judo
Q610603,Biathlon
Q26218320,Equestrian
Q2022215,Badminton
Q1750587,Weightlifting
Q664418,Speed skating
Q634029,Rowing
Q1067383,Archery
Q25932075,Swimming
Q26212145,Weightlifting
Q20670790,Synchronized swimming
Q26212151,Boxing
Q26218274,Equestrian
Q1750595,Weightlifting
Q26219847,Judo
Q651065,Wrestling
Q107861704,Biathlon
Q1439276,Athletics
Q25991448,Swimming
Q7400297,Sailing
Q1137646,Fencing
Q735299,Nordic combined
Q22964429,Rowing
Q26219831,Judo
Q25927634,Swimming
Q15056264,Boxing
Q1092809,Weightlifting
Q65242345,Tennis
Q25991456,Swimming
Q2562124,Table tennis
Q26205999,Boxing
Q26213160,Canoeing
Q1065640,Weightlifting
Q26212149,Weightlifting
Q1094667,Swimming
Q722895,Shooting
Q65242359,Triathlon
Q26037184,Boxing
Q7400305,Sailing
Q548072,Snowboarding
Q730927,Cross-country skiing
Q65235526,Judo
Q26218608,Boxing
Q65242331,Tennis
Q1570183,Badminton
Q1750579,Weightlifting
Q65235557,Judo
Q22964435,Rowing
Q26208316,Boxing
Q734997,Tennis
Q614894,Short-track speed skating
Q1750583,Weightlifting
Q26208513,Boxing
Q599412,Fencing
Q25991447,Swimming
Q26219849,Taekwondo
Q25991455,Swimming
Q17063526,Swimming
Q581788,Tennis
Q588440,Equestrian
Q260204,Taekwondo
Q25991464,Swimming
Q7371994,Rowing
Q26217860,Table tennis
Q26218599,Judo
Q2174649,Triathlon
Q7371999,Rowing
Q2000524,Boxing
Q662184,Luge
Q26219848,Taekwondo
Q7372001,Rowing
Q1194982,Wrestling
Q384953,Cross-country skiing
Q1439249,Athletics
Q22964437,Rowing
Q7400312,Sailing
Q1222467,Alpine skiing
Q22964445,Rowing
Q1222171,Cross-country skiing
Q826852,Speed skating
Q1221935,Biathlon
Q31844,Boxing
Q1222146,Cross-country skiing
Q917323,Athletics
Q7500747,Shooting
Q1222543,Rowing
Q22964449,Rowing
Q3001407,Cycling
Q2550697,Wrestling
Q748648,Cross-country skiing
Q14643126,Biathlon
Q7656687,Swimming
Q7500819,Shooting
Q4786035,Archery
Q2299006,Wrestling
Q2494175,Canoeing
Q2358274,Wrestling
Q8979743,Equestrian
Q782429,Speed skating
Q15056068,Nordic combined
Q905472,Freestyle skiing
Q2521962,Wrestling
Q848666,Speed skating
Q27961940,Judo
Q826539,Speed skating
Q25397018,Table tennis
Q769467,Swimming
Q1005322,Cycling
Q1222469,Alpine skiing
Q7979982,Weightlifting
Q15055009,Alpine skiing
Q15055028,Cross-country skiing
Q15055033,Cross-country skiing
Q886732,Gymnastics
Q1433101,Athletics
Q7979974,Weightlifting
Q3499001,Wrestling
Q1432187,Athletics
Q1005244,Weightlifting
Q7500847,Shooting
Q781406,Cross-country skiing
Q906128,Biathlon
Q1221939,Cross-country skiing
Q848696,Speed skating
Q22964443,Rowing
Q963859,Gymnastics
Q1222533,Alpine skiing
Q7979972,Weightlifting
Q3001455,Cycling
Q685266,Rowing
Q7979977,Weightlifting
Q765657,Speed skating
Q7500737,Shooting
Q1005423,Shooting
Q61539,Wrestling
Q899312,Athletics
Q22964442,Rowing
Q7400314,Sailing
Q1222168,Cross-country skiing
Q15056105,Freestyle skiing
Q7674783,Taekwondo
Q4951839,Boxing
Q15056067,Nordic combined
Q2353351,Canoeing
Q932865,Athletics
Q906859,Weightlifting
Q3498676,Wrestling
Q677063,Wrestling
Q846788,Biathlon
Q247070,Athletics
Q691742,Snowboarding
Q7400334,Sailing
Q7500748,Shooting
Q1222651,Freestyle skiing
Q7656712,Swimming
Q1222109,Speed skating
Q240257,Swimming
Q15056095,Freestyle skiing
Q7656705,Swimming
Q5280017,Figure skating
Q1222524,Alpine skiing
Q22964439,Rowing
Q1221810,Short-track speed skating
Q15055034,Cross-country skiing
Q638285,Speed skating
Q15054994,Alpine skiing
Q4786049,Archery
Q917752,Alpine skiing
Q7656695,Swimming
Q3498940,Wrestling
Q2724464,Athletics
Q847288,Biathlon
Q1222212,Alpine skiing
Q870649,Nordic combined
Q775967,Shooting
Q917348,Athletics
Q3498987,Wrestling
Q4951834,Boxing
Q1202526,Cycling
Q1222025,Cross-country skiing
Q15052012,Biathlon
Q1222529,Alpine skiing
Q7500840,Shooting
Q1221864,Cross-country skiing
Q15056096,Freestyle skiing
Q7400342,Sailing
Q1337042,Archery
Q25386274,Fencing
Q7656689,Swimming
Q841897,Alpine skiing
Q1432476,Athletics
Q7500739,Shooting
Q2557145,Weightlifting
Q15055073,Snowboarding
Q3400664,Cycling
Q7400341,Sailing
Q7500816,Shooting
Q762663,Gymnastics
Q15055013,Alpine skiing
Q15055074,Snowboarding
Q906865,Weightlifting
Q853003,Athletics
Q3001409,Cycling
Q7979978,Weightlifting
Q7979968,Weightlifting
Q771886,Weightlifting
Q4951846,Boxing
Q2364389,Weightlifting
Q1433079,Athletics
Q15056100,Freestyle skiing
Q7400319,Sailing
Q7656686,Swimming
Q3498597,Wrestling
Q3498966,Wrestling
Q1360895,Shooting
Q1222466,Alpine skiing
Q24906829,Wrestling
Q7400328,Sailing
Q3001459,Cycling
Q7400320,Sailing
Q279295,Skeleton
Q841946,Alpine skiing
Q14643199,Biathlon
Q1222632,Skeleton
Q1005235,Wrestling
Q923513,Wrestling
Q704595,Taekwondo
Q942244,Tennis
Q15056104,Freestyle skiing
Q1432289,Athletics
Q2297621,Cycling
Q917333,Athletics
Q1372090,Weightlifting
Q488601,Athletics
Q1222644,Alpine skiing
Q3498626,Wrestling
Q1222474,Alpine skiing
Q15055083,Snowboarding
Q681571,Shooting
Q523492,Ski jumping
Q15055007,Alpine skiing
Q936086,Swimming
Q2430785,Table tennis
Q1221869,Cross-country skiing
Q1222299,Snowboarding
Q7500827,Shooting
Q917747,Alpine skiing
Q1222092,Biathlon
Q905493,Weightlifting
Q3499032,Wrestling
Q7500842,Shooting
Q780808,Speed skating
Q1005260,Wrestling
Q15055036,Cross-country skiing
Q917217,Biathlon
Q7979967,Weightlifting
Q7500813,Shooting
Q1222023,Cross-country skiing
Q1221915,Speed skating
Q7656694,Swimming
Q15056225,Speed skating
Q2308161,Modern pentathlon
Q4786036,Archery
Q1198508,Swimming
Q1005486,Bobsleigh
Q679802,Wrestling
Q1426735,Athletics
Q15052025,Biathlon
Q1222497,Alpine skiing
Q7979984,Weightlifting
Q918076,Skeleton
Q1222232,Biathlon
Q3499929,Wrestling
Q263070,Alpine skiing
Q7674782,Taekwondo
Q761318,Gymnastics
Q3400667,Cycling
Q15054999,Alpine skiing
Q841622,Tennis
Q904345,Athletics
Q1432202,Athletics
Q22964447,Rowing
Q1222127,Speed skating
Q15055004,Alpine skiing
Q4786041,Archery
Q975449,Badminton
Q429621,Alpine skiing
Q915092,Biathlon
Q942805,Tennis
Q1221917,Short-track speed skating
Q2329168,Cycling
Q15056099,Freestyle skiing
Q7500743,Shooting
Q1222187,Biathlon
Q1222124,Short-track speed skating
Q2460802,Rowing
Q2358214,Wrestling
Q637365,Athletics
Q7674793,Taekwondo
Q22964450,Rowing
Q2521899,Equestrian
Q970610,Speed skating
Q6303884,Judo
Q827175,Cross-country skiing
Q7500822,Shooting
Q3499038,Wrestling
Q956359,Cross-country skiing
Q1222186,Biathlon
Q906117,Alpine skiing
Q1222259,Luge
Q955688,Speed skating
Q7656707,Swimming
Q1222137,Short-track speed skating
Q7500809,Shooting
Q1222492,Freestyle skiing
Q1222654,Freestyle skiing
Q2358254,Wrestling
Q922361,Athletics
Q870651,Nordic combined
Q25384916,Fencing
Q6303861,Judo
Q914969,Triathlon
Q1222101,Biathlon
Q1438466,Athletics
Q5198393,Cycling
Q840683,Tennis
Q632742,Fencing
Q1221912,Speed skating
Q1222549,Rowing
Q752428,Tennis
Q7500741,Shooting
Q1222437,Alpine skiing
Q7656701,Swimming
Q3499009,Wrestling
Q1005036,Swimming
Q15055029,Cross-country skiing
Q3001452,Cycling
Q7500830,Shooting
Q15055018,Cross-country skiing
Q910720,Alpine skiing
Q962650,Equestrian
Q7500802,Shooting
Q526793,Speed skating
Q31843483,Equestrian
Q1222018,Cross-country skiing
Q7400345,Sailing
Q940196,Shooting
Q7500810,Shooting
Q4903025,Figure skating
Q30680431,Equestrian
Q7400325,Sailing
Q746397,Snowboarding
Q1426854,Athletics
Q7400340,Sailing
Q848641,Luge
Q829370,Tennis
Q635603,Speed skating
Q3499066,Wrestling
Q782385,Figure skating
Q7500832,Shooting
Q1222251,Luge
Q6303859,Judo
Q2558792,Sailing
Q18728,Curling
Q736527,Shooting
Q24906792,Cycling
Q7400344,Sailing
Q3390067,Weightlifting
Q22964444,Rowing
Q4951843,Boxing
Q1005262,Wrestling
Q2269694,Cycling
Q30680433,Equestrian
Q2410252,Sailing
Q847592,Athletics
Q1222641,Alpine skiing
Q2269716,Swimming
Q2634499,Athletics
Q905715,Alpine skiing
Q936622,Athletics
Q7400317,Sailing
Q7400350,Sailing
Q15052022,Biathlon
Q1426826,Athletics
Q919242,Canoeing
Q901754,Tennis
Q853040,Athletics
Q1222257,Luge
Q919388,Canoeing
Q15056224,Speed skating
Q1005237,Wrestling
Q15055037,Cross-country skiing
Q7500798,Shooting
Q901122,Tennis
Q2303578,Taekwondo
Q1222203,Alpine skiing
Q853023,Athletics
Q4786038,Archery
Q15055081,Snowboarding
Q7674779,Taekwondo
Q2451718,Table tennis
Q7656727,Swimming
Q25396733,Shooting
Q1005660,Taekwondo
Q7500799,Shooting
Q916724,Cross-country skiing
Q1001497,Sailing
Q2268100,Shooting
Q1005434,Canoeing
Q917743,Alpine skiing
Q15055079,Snowboarding
Q1360804,Archery
Q1222176,Biathlon
Q2723756,Athletics
Q963453,Gymnastics
Q1222165,Cross-country skiing
Q2390636,Canoeing
Q767959,Wrestling
Q683164,Swimming
Q2380135,Weightlifting
Q339188,Speed skating
Q3499941,Wrestling
Q241789,Weightlifting
Q1222108,Speed skating
Q7656716,Swimming
Q15055001,Alpine skiing
Q947678,Athletics
Q1005606,Shooting
Q7656720,Swimming
Q782722,Sailing
Q3498614,Wrestling
Q275887,Cycling
Q15021060,Biathlon
Q7656713,Swimming
Q1221812,Short-track speed skating
Q6303882,Judo
Q220386,Cross-country skiing
Q938791,Short-track speed skating
Q1005363,Cycling
Q7400316,Sailing
Q1005614,Cycling
Q7500834,Shooting
Q927660,Tennis
Q629871,Nordic combined
Q848278,Athletics
Q916711,Cross-country skiing
Q2196657,Weightlifting
Q15056222,Speed skating
Q1222134,Short-track speed skating
Q1346374,Shooting
Q903439,Athletics
Q25455359,Canoeing
Q905555,Swimming
Q727488,Cycling
Q1222209,Alpine skiing
Q2353509,Shooting
Q15052019,Biathlon
Q531844,Nordic combined
Q1004896,Weightlifting
Q1222646,Alpine skiing
Q916771,Speed skating
Q276040,Cycling
Q905659,Biathlon
Q1222066,Cross-country skiing
Q7979973,Weightlifting
Q25386262,Fencing
Q31843481,Equestrian
Q7500753,Shooting
Q938779,Short-track speed skating
Q7400318,Sailing
Q7656726,Swimming
Q3498949,Wrestling
Q1426670,Athletics
Q1433072,Athletics
Q280553,Biathlon
Q15052014,Biathlon
Q7500838,Shooting
Q1432033,Athletics
Q7500750,Shooting
Q850209,Short-track speed skating
Q7500804,Shooting
Q7400335,Sailing
Q7674778,Taekwondo
Q917760,Alpine skiing
Q7400322,Sailing
Q15055011,Alpine skiing
Q750803,Freestyle skiing
Q942846,Athletics
Q7674788,Taekwondo
Q4951837,Boxing
Q1202903,Archery
Q4786045,Archery
Q850196,Freestyle skiing
Q15055087,Snowboarding
Q302701,Figure skating
Q7979969,Weightlifting
Q776835,Biathlon
Q6303889,Judo
Q7500807,Shooting
Q4951842,Boxing
Q1339098,Taekwondo
Q946243,Ski jumping
Q7500814,Shooting
Q843860,Biathlon
Q220866,Tennis
Q1222238,Luge
Q830711,Athletics
Q25384919,Fencing
Q1426809,Athletics
Q905561,Freestyle skiing
Q3499898,Wrestling
Q4471528,Beach volleyball
Q853049,Athletics
Q2362858,Cycling
Q784131,Swimming
Q1202770,Cycling
Q7400332,Sailing
Q853072,Athletics
Q1222080,Cross-country skiing
Q1004892,Swimming
Q1005294,Wrestling
Q1222173,Cross-country skiing
Q4951841,Boxing
Q1222255,Luge
Q962842,Shooting
Q977229,Beach volleyball
Q1222483,Freestyle skiing
Q963481,Gymnastics
Q1221867,Biathlon
Q5198382,Cycling
Q7656719,Swimming
Q1222287,Cross-country skiing
Q7400349,Sailing
Q532360,Speed skating
Q826846,Speed skating
Q15055072,Snowboarding
Q766954,Athletics
Q527985,Athletics
Q4951845,Boxing
Q1005040,Swimming
Q757054,Tennis
Q1005230,Wrestling
Q2521952,Wrestling
Q7979975,Weightlifting
Q28402472,Judo
Q754844,Athletics
Q7674780,Taekwondo
Q934172,Taekwondo
Q1360866,Archery
Q848689,Cross-country skiing
Q15055085,Snowboarding
Q1222526,Alpine skiing
Q15055980,Bobsleigh
Q3498926,Wrestling
Q972253,Taekwondo
Q647742,Fencing
Q15055031,Cross-country skiing
Q1005298,Cycling
Q2322860,Rowing
Q952970,Snowboarding
Q7674777,Taekwondo
Q4786042,Archery
Q765044,Figure skating
Q841942,Speed skating
Q7400346,Sailing
Q647750,Fencing
Q7500821,Shooting
Q7400333,Sailing
Q1222639,Alpine skiing
Q4786037,Archery
Q793973,Gymnastics
Q827019,Luge
Q2352412,Canoeing
Q4951844,Boxing
Q938164,Freestyle skiing
Q763031,Shooting
Q3001405,Cycling
Q905485,Short-track speed skating
Q25384917,Fencing
Q4786044,Archery
Q1221932,Biathlon
Q963420,Weightlifting
Q2774005,Cycling
Q7674790,Taekwondo
Q1222098,Biathlon
Q632472,Fencing
Q915058,Biathlon
Q15056267,Ski jumping
Q7500745,Shooting
Q2361588,Sailing
Q1203058,Cycling
Q1005018,Swimming
Q1371783,Weightlifting
Q632754,Fencing
Q916916,Cross-country skiing
Q7400329,Sailing
Q939181,Skeleton
Q18713,Curling
Q7674781,Taekwondo
Q7500817,Shooting
Q6303879,Judo
Q848681,Alpine skiing
Q1221793,Speed skating
Q6303863,Judo
Q2353475,Shooting
Q385563,Wrestling
Q1344366,Archery
Q729339,Weightlifting
Q955943,Athletics
Q659097,Swimming
Q279234,Speed skating
Q955487,Weightlifting
Q786799,Speed skating
Q536083,Tennis
Q22964440,Rowing
Q15056065,Nordic combined
Q7674791,Taekwondo
Q6303877,Judo
Q249265,Swimming
Q7400321,Sailing
Q7656722,Swimming
Q2995946,Cycling
Q25386279,Fencing
Q658704,Fencing
Q7500812,Shooting
Q653672,Biathlon
Q1426702,Athletics
Q15055002,Alpine skiing
Q7656681,Swimming
Q886372,Gymnastics
Q7500796,Shooting
Q938765,Fencing
Q7656697,Swimming
Q140244,Wrestling
Q7400313,Sailing
Q737732,Table tennis
Q4951838,Boxing
Q7674792,Taekwondo
Q15056223,Speed skating
Q645460,Athletics
Q1221934,Cross-country skiing
Q6303888,Judo
Q7400339,Sailing
Q7656684,Swimming
Q7656714,Swimming
Q2297633,Cycling
Q771123,Alpine skiing
Q3498666,Wrestling
Q5124014,Figure skating
Q1222498,Freestyle skiing
Q7500801,Shooting
Q4951848,Boxing
Q4951847,Boxing
Q15055032,Cross-country skiing
Q875653,Swimming
Q5395306,Shooting
Q1222301,Snowboarding
Q7656691,Swimming
Q916976,Athletics
Q916930,Swimming
Q752413,Tennis
Q900405,Athletics
Q31843484,Equestrian
Q2268043,Shooting
Q2254560,Shooting
Q1221927,Biathlon
Q826560,Luge
Q1005272,Wrestling
Q670039,Alpine skiing
Q2332511,Sailing
Q2455198,Rowing
Q7400324,Sailing
Q1221836,Cross-country skiing
Q921100,Shooting
Q847284,Biathlon
Q905540,Speed skating
Q848291,Athletics
Q906854,Weightlifting
Q7500751,Shooting
Q7400347,Sailing
Q7674776,Taekwondo
Q922248,Athletics
Q14643284,Biathlon
Q267771,Swimming
Q905503,Snowboarding
Q25386268,Fencing
Q2353533,Shooting
Q6303864,Judo
Q952458,Speed skating
Q15055075,Snowboarding
Q5198390,Cycling
Q15055038,Cross-country skiing
Q916174,Cycling
Q4951836,Boxing
Q3498605,Wrestling
Q22964438,Rowing
Q15055084,Snowboarding
Q4786048,Archery
Q917328,Athletics
Q4951840,Boxing
Q1221875,Cross-country skiing
Q4786050,Archery
Q1222214,Alpine skiing
Q942891,Speed skating
Q776870,Speed skating
Q1360834,Shooting
Q938848,Fencing
Q1004861,Weightlifting
Q1221922,Biathlon
Q943291,Athletics
Q927998,Cross-country skiing
Q385894,Freestyle skiing
Q677027,Athletics
Q843851,Cross-country skiing
Q15055035,Cross-country skiing
Q4820134,Weightlifting
Q4786051,Archery
Q7400330,Sailing
Q2268082,Shooting
Q15055025,Cross-country skiing
Q794388,Gymnastics
Q7656692,Swimming
Q776944,Athletics
Q7979971,Weightlifting
Q1222133,Short-track speed skating
Q31843476,Equestrian
Q7500836,Shooting
Q1221798,Short-track speed skating
Q2574045,Alpine skiing
Q3498697,Wrestling
Q2352927,Canoeing
Q921409,Biathlon
Q256759,Biathlon
Q2353523,Shooting
Q848655,Cross-country skiing
Q903679,Archery
Q2289605,Wrestling
Q525031,Speed skating
Q25386266,Fencing
Q25384913,Fencing
Q7979983,Weightlifting
Q2341653,Sailing
Q905607,Luge
Q847280,Biathlon
Q1222635,Alpine skiing
Q947691,Athletics
Q1222014,Cross-country skiing
Q4786058,Archery
Q1221877,Cross-country skiing
Q1221943,Cross-country skiing
Q826580,Luge
Q7500829,Shooting
Q3499058,Wrestling
Q916747,Short-track speed skating
Q7500849,Shooting
Q5198388,Cycling
Q3498573,Wrestling
Q1222488,Freestyle skiing
Q919261,Canoeing
Q7400323,Sailing
Q7400327,Sailing
Q886359,Gymnastics
Q3001408,Cycling
Q3879624,Swimming
Q25803,Fencing
Q8037964,Wrestling
Q3879652,Swimming
Q3811011,Judo
Q5443156,Fencing
Q3879619,Swimming
Q1004918,Biathlon
Q1005749,Alpine skiing
Q3879623,Swimming
Q3998590,Triathlon
Q3628689,Athletics
Q3628678,Athletics
Q3628682,Athletics
Q7500779,Shooting
Q1004860,Speed skating
Q10572415,Boxing
Q3951953,Fencing
Q10572416,Boxing
Q5443153,Fencing
Q1005277,Alpine skiing
Q3628765,Athletics
Q8037927,Wrestling
Q8037900,Wrestling
Q3879615,Swimming
Q10522584,Cycling
Q10466379,Judo
Q10522549,Judo
Q1005744,Alpine skiing
Q10522555,Judo
Q129295,Cycling
Q1422131,Athletics
Q5443144,Fencing
Q1028699,Swimming
Q3837513,Wrestling
Q3879643,Swimming
Q1076253,Swimming
Q25791,Fencing
Q38591,Fencing
Q3879653,Swimming
Q5443138,Fencing
Q1004914,Speed skating
Q1004868,Speed skating
Q10522554,Judo
Q1409048,Athletics
Q3879625,Swimming
Q2297686,Cycling
Q1408913,Athletics
Q7500771,Shooting
Q587012,Modern pentathlon
Q1408709,Athletics
Q2311876,Athletics
Q3628696,Athletics
Q3837511,Wrestling
Q3879664,Swimming
Q3879579,Swimming
Q7500774,Shooting
Q1005740,Skeleton
Q1005810,Alpine skiing
Q5443137,Fencing
Q10495989,Boxing
Q1222684,Alpine skiing
Q3628786,Athletics
Q7980004,Weightlifting
Q3837512,Wrestling
Q4160921,Judo
Q13655354,Athletics
Q3879621,Swimming
Q3879645,Swimming
Q10581226,Boxing
Q3879650,Swimming
Q3879610,Swimming
Q3628781,Athletics
Q7979994,Weightlifting
Q988363,Ski jumping
Q4443763,Shooting
Q25239316,Weightlifting
Q1222715,Alpine skiing
Q3879646,Swimming
Q3628761,Athletics
Q1005069,Cross-country skiing
Q8037958,Wrestling
Q4467907,Weightlifting
Q1004927,Biathlon
Q3879658,Swimming
Q1406131,Athletics
Q825048,Cross-country skiing
Q3925465,Boxing
Q823754,Speed skating
Q3837507,Wrestling
Q613746,Athletics
Q2303728,Athletics
Q1133965,Badminton
Q2303535,Athletics
Q2313511,Athletics
Q1042778,Speed skating
Q7500789,Shooting
Q1004987,Cross-country skiing
Q4443764,Shooting
Q3565567,Wrestling
Q3628775,Athletics
Q1042789,Speed skating
Q2445057,Cycling
Q7980002,Weightlifting
Q10466402,Judo
Q7500772,Shooting
Q1005190,Short-track speed skating
Q1005188,Speed skating
Q3811003,Judo
Q585893,Alpine skiing
Q8037907,Wrestling
Q2313481,Athletics
Q7500793,Shooting
Q10572441,Boxing
Q10719576,Boxing
Q10466376,Judo
Q8037959,Wrestling
Q7980001,Weightlifting
Q10522543,Judo
Q1005755,Freestyle skiing
Q10466381,Judo
Q38594,Fencing
Q251465,Ski jumping
Q3879620,Swimming
Q7500788,Shooting
Q8037930,Wrestling
Q8037934,Wrestling
Q2377414,Athletics
Q3628705,Athletics
Q2318836,Athletics
Q3879667,Swimming
Q3879614,Swimming
Q1115025,Swimming
Q3879585,Swimming
Q58412558,Boxing
Q3565575,Wrestling
Q10522535,Judo
Q22964454,Rowing
Q825035,Snowboarding
Q5970589,Swimming
Q3980076,Taekwondo
Q5448039,Figure skating
Q1408881,Athletics
Q589310,Tennis
Q1005616,Freestyle skiing
Q1222717,Alpine skiing
Q3879598,Swimming
Q1076376,Swimming
Q1004934,Biathlon
Q3879567,Swimming
Q7500786,Shooting
Q1005334,Luge
Q1421749,Cycling
Q8037908,Wrestling
Q595055,Athletics
Q252875,Speed skating
Q8037965,Wrestling
Q3879600,Swimming
Q3628692,Athletics
Q1408936,Athletics
Q3628764,Athletics
Q1005746,Alpine skiing
Q1004871,Short-track speed skating
Q826510,Speed skating
Q7500777,Shooting
Q1005365,Modern pentathlon
Q1026904,Gymnastics
Q25239314,Weightlifting
Q4160924,Judo
Q3628782,Athletics
Q3561230,Cycling
Q570058,Swimming
Q478542,Cross-country skiing
Q3879662,Swimming
Q3879607,Swimming
Q3628785,Athletics
Q824928,Snowboarding
Q10466403,Judo
Q1130659,Swimming
Q5644525,Figure skating
Q1183979,Tennis
Q10466384,Judo
Q599322,Swimming
Q3879583,Swimming
Q3879651,Swimming
Q3879608,Swimming
Q3879593,Swimming
Q3628686,Athletics
Q4443765,Shooting
Q3628680,Athletics
Q3879569,Swimming
Q3628770,Athletics
Q1004926,Biathlon
Q5443136,Fencing
Q7500785,Shooting
Q8037923,Wrestling
Q1408927,Athletics
Q8037919,Wrestling
Q2557141,Athletics
Q4160925,Judo
Q3628703,Athletics
Q8037924,Wrestling
Q1004869,Short-track speed skating
Q370917,Wrestling
Q562654,Tennis
Q8037913,Wrestling
Q7500784,Shooting
Q8037937,Wrestling
Q8037922,Wrestling
Q1005313,Luge
Q3628704,Athletics
Q826500,Speed skating
Q10522577,Judo
Q10522587,Cycling
Q587805,Speed skating
Q8037926,Wrestling
Q1005371,Snowboarding
Q1222712,Alpine skiing
Q4354074,Shooting
Q8037917,Wrestling
Q3879628,Swimming
Q10522589,Judo
Q25939,Fencing
Q1422103,Athletics
Q3628792,Athletics
Q1005284,Alpine skiing
Q3730943,Equestrian
Q1076363,Swimming
Q7979997,Weightlifting
Q3837496,Wrestling
Q1005211,Cross-country skiing
Q1005811,Snowboarding
Q3565605,Wrestling
Q1005575,Alpine skiing
Q1377439,Badminton
Q2463752,Athletics
Q3925468,Boxing
Q1005065,Cross-country skiing
Q3879761,Synchronized swimming
Q13572928,Weightlifting
Q1005801,Alpine skiing
Q3628772,Athletics
Q2318914,Athletics
Q1005571,Alpine skiing
Q5403447,Shooting
Q1004961,Speed skating
Q3879632,Swimming
Q7979995,Weightlifting
Q22964453,Rowing
Q562647,Tennis
Q1074316,Swimming
Q3837498,Wrestling
Q8037960,Wrestling
Q256529,Biathlon
Q1005286,Alpine skiing
Q2557677,Athletics
Q7500761,Shooting
Q1408888,Athletics
Q3879626,Swimming
Q10572465,Boxing
Q10426127,Boxing
Q3879611,Swimming
Q3879617,Swimming
Q3628774,Athletics
Q1005731,Skeleton
Q1004964,Speed skating
Q3628783,Athletics
Q3628702,Athletics
Q988370,Nordic combined
Q5443151,Fencing
Q3879635,Swimming
Q3837500,Wrestling
Q1222721,Snowboarding
Q10497007,Boxing
Q1076295,Swimming
Q12808128,Weightlifting
Q22964459,Rowing
Q3628752,Athletics
Q3879654,Swimming
Q25800,Fencing
Q38601,Fencing
Q384008,Gymnastics
Q3628691,Athletics
Q3628698,Athletics
Q3565736,Wrestling
Q3879589,Swimming
Q2303677,Athletics
Q988374,Nordic combined
Q3628694,Athletics
Q3628754,Athletics
Q3628710,Athletics
Q1005155,Speed skating
Q3899247,Modern pentathlon
Q3837508,Wrestling
Q3628777,Athletics
Q3628685,Athletics
Q8037969,Wrestling
Q1005189,Short-track speed skating
Q4160922,Judo
Q1004936,Cross-country skiing
Q255955,Speed skating
Q8037967,Wrestling
Q1004968,Short-track speed skating
Q2313564,Athletics
Q3879588,Swimming
Q3561235,Cycling
Q823663,Freestyle skiing
Q3628763,Athletics
Q988367,Nordic combined
Q1005804,Alpine skiing
Q7980006,Weightlifting
Q3879573,Swimming
Q577507,Speed skating
Q3899244,Modern pentathlon
Q1421581,Cycling
Q8037902,Wrestling
Q1005572,Alpine skiing
Q5443140,Fencing
Q1409055,Athletics
Q10466383,Judo
Q10572431,Boxing
Q3879616,Swimming
Q3899249,Modern pentathlon
Q1005328,Luge
Q3879602,Swimming
Q3879604,Swimming
Q3628690,Athletics
Q1005187,Speed skating
Q825731,Cross-country skiing
Q2313552,Athletics
Q3879595,Swimming
Q22964458,Rowing
Q4467905,Weightlifting
Q10426128,Boxing
Q3628687,Athletics
Q8037974,Wrestling
Q2311975,Athletics
Q1005331,Luge
Q3925463,Boxing
Q825222,Speed skating
Q825088,Snowboarding
Q988361,Ski jumping
Q4467910,Weightlifting
Q1156252,Cycling
Q1005158,Speed skating
Q3811001,Judo
Q3925469,Boxing
Q1005808,Alpine skiing
Q10497009,Boxing
Q1005108,Biathlon
Q3879562,Swimming
Q8037956,Wrestling
Q822588,Wrestling
Q2312004,Athletics
Q3879630,Swimming
Q10684072,Boxing
Q10522572,Judo
Q1005351,Cross-country skiing
Q5443142,Fencing
Q3879668,Swimming
Q10466392,Judo
Q3837518,Wrestling
Q3879594,Swimming
Q3628708,Athletics
Q1076347,Swimming
Q8037915,Wrestling
Q10466400,Cycling
Q3628683,Athletics
Q1004965,Speed skating
Q1005617,Freestyle skiing
Q2558525,Athletics
Q38410,Fencing
Q3811009,Judo
Q1069209,Speed skating
Q1408901,Athletics
Q22964457,Rowing
Q8037906,Wrestling
Q988372,Nordic combined
Q3628709,Athletics
Q3811005,Judo
Q2328217,Archery
Q4088890,Bobsleigh
Q3628766,Athletics
Q8037901,Wrestling
Q3879633,Swimming
Q10684073,Boxing
Q3879596,Swimming
Q2311908,Athletics
Q3500417,Wrestling
Q1004913,Speed skating
Q22964456,Rowing
Q4088891,Bobsleigh
Q1004989,Cross-country skiing
Q10572423,Boxing
Q1076244,Swimming
Q10581228,Boxing
Q3899246,Modern pentathlon
Q1005621,Alpine skiing
Q988359,Ski jumping
Q3500407,Wrestling
Q3879581,Swimming
Q3879564,Swimming
Q1408869,Athletics
Q1408852,Athletics
Q3628679,Athletics
Q10706346,Boxing
Q8037929,Wrestling
Q1141105,Swimming
Q1005157,Speed skating
Q1408920,Athletics
Q1004870,Short-track speed skating
Q3837497,Wrestling
Q3837499,Wrestling
Q3837505,Wrestling
Q3879627,Swimming
Q824919,Cross-country skiing
Q8037932,Wrestling
Q8037918,Wrestling
Q541316,Speed skating
Q2311887,Athletics
Q4160927,Judo
Q1005292,Alpine skiing
Q3879580,Swimming
Q3879561,Swimming
Q7500758,Shooting
Q824803,Cross-country skiing
Q1005214,Cross-country skiing
Q10522594,Judo
Q4354615,Shooting
Q7979985,Weightlifting
Q1423968,Athletics
Q2426715,Cycling
Q7979988,Weightlifting
Q3811004,Judo
Q1004928,Biathlon
Q988351,Ski jumping
Q3879629,Swimming
Q2312939,Athletics
Q3811006,Judo
Q38605,Fencing
Q1004924,Biathlon
Q2310230,Cycling
Q3879642,Swimming
Q25784,Fencing
Q10466389,Judo
Q1005557,Alpine skiing
Q3925471,Boxing
Q826487,Speed skating
Q3879613,Swimming
Q825058,Cross-country skiing
Q3879574,Swimming
Q3980074,Taekwondo
Q3879656,Swimming
Q5443145,Fencing
Q3811007,Judo
Q10522575,Judo
Q3951952,Fencing
Q3628699,Athletics
Q3628759,Athletics
Q1408856,Athletics
Q10522548,Judo
Q25782,Fencing
Q10572432,Boxing
Q2558983,Athletics
Q3879565,Swimming
Q10466371,Judo
Q2313443,Athletics
Q376518,Cross-country skiing
Q2557129,Athletics
Q1005643,Alpine skiing
Q1005782,Alpine skiing
Q579346,Archery
Q3998587,Triathlon
Q25780,Fencing
Q8037962,Wrestling
Q3628776,Athletics
Q3925462,Boxing
Q8037914,Wrestling
Q8037957,Wrestling
Q7500762,Shooting
Q3837510,Wrestling
Q1222713,Alpine skiing
Q823194,Snowboarding
Q10522593,Judo
Q3628688,Athletics
Q25793,Fencing
Q1005374,Snowboarding
Q1004937,Cross-country skiing
Q1110152,Athletics
Q8037928,Wrestling
Q1424018,Athletics
Q13583141,Boxing
Q1005047,Biathlon
Q1005741,Alpine skiing
Q10495988,Boxing
Q1304082,Badminton
Q1074357,Swimming
Q3879634,Swimming
Q8037916,Wrestling
Q10719575,Boxing
Q10581227,Boxing
Q2558493,Athletics
Q1005041,Biathlon
Q8037903,Wrestling
Q22964455,Rowing
Q591555,Cross-country skiing
Q3628779,Athletics
Q3628697,Athletics
Q3628684,Athletics
Q2443986,Athletics
Q4443767,Shooting
Q11883936,Shooting
Q3925466,Boxing
Q370863,Swimming
Q3991750,Archery
Q10706347,Boxing
Q8037970,Wrestling
Q55615395,Judo
Q8037909,Wrestling
Q10572462,Boxing
Q3879587,Swimming
Q38407,Fencing
Q605663,Figure skating
Q988348,Ski jumping
Q38599,Fencing
Q3811013,Judo
Q1405425,Athletics
Q1005042,Biathlon
Q1005124,Biathlon
Q1005133,Biathlon
Q25795,Fencing
Q4357642,Shooting
Q2308435,Athletics
Q3837506,Wrestling
Q4160923,Judo
Q1005213,Cross-country skiing
Q10572439,Boxing
Q7979998,Weightlifting
Q10572421,Boxing
Q7500782,Shooting
Q3879669,Swimming
Q826529,Speed skating
Q1005639,Alpine skiing
Q3998589,Triathlon
Q3561232,Cycling
Q1005103,Cross-country skiing
Q8037955,Wrestling
Q3837504,Wrestling
Q10522553,Judo
Q3879622,Swimming
Q10609400,Sailing
Q2311149,Athletics
Q3811000,Judo
Q7500768,Shooting
Q1005172,Speed skating
Q25798,Fencing
Q3628791,Athletics
Q3628780,Athletics
Q3879563,Swimming
Q5443139,Fencing
Q1408906,Athletics
Q13424670,Fencing
Q3879641,Swimming
Q2526348,Cycling
Q1408846,Athletics
Q1076288,Swimming
Q7500760,Shooting
Q582514,Athletics
Q7500776,Shooting
Q1005212,Cross-country skiing
Q3811002,Judo
Q7500756,Shooting
Q7500764,Shooting
Q8037905,Wrestling
Q8037920,Wrestling
Q10719573,Boxing
Q10572440,Boxing
Q1004985,Cross-country skiing
Q10466375,Judo
Q3879570,Swimming
Q3811010,Judo
Q252584,Speed skating
Q8037963,Wrestling
Q10522571,Judo
Q3628767,Athletics
Q988369,Nordic combined
Q1409616,Athletics
Q1221778,Speed skating
Q2306535,Athletics
Q3879618,Swimming
Q7500791,Shooting
Q3980075,Taekwondo
Q1004952,Speed skating
Q10581231,Wrestling
Q4000244,Diving
Q826519,Speed skating
Q1027135,Gymnastics
Q1408797,Athletics
Q3879649,Swimming
Q3879644,Swimming
Q988364,Nordic combined
Q4354069,Shooting
Q10522576,Judo
Q1005757,Freestyle skiing
Q3837509,Wrestling
Q3628681,Athletics
Q1005618,Freestyle skiing
Q5448040,Figure skating
Q38412,Fencing
Q1004991,Cross-country skiing
Q988347,Ski jumping
Q5443155,Fencing
Q1408897,Athletics
Q10706348,Boxing
Q3565760,Wrestling
Q596754,Cross-country skiing
Q10497008,Boxing
Q3628701,Athletics
Q3879647,Swimming
Q3628778,Athletics
Q3561228,Cycling
Q2552272,Athletics
Q3879655,Swimming
Q1005753,Freestyle skiing
Q988362,Ski jumping
Q4000234,Diving
Q1005296,Alpine skiing
Q1005066,Cross-country skiing
Q3879576,Swimming
Q7979991,Weightlifting
Q3998591,Triathlon
Q1004915,Speed skating
Q1415848,Cycling
Q3879572,Swimming
Q8037940,Wrestling
Q8037966,Wrestling
Q10522550,Judo
Q3628695,Athletics
Q3879660,Swimming
Q3628700,Athletics
Q3628760,Athletics
Q1005063,Cross-country skiing
Q26860,Athletics
Q3879659,Swimming
Q1141034,Swimming
Q1005333,Luge
Q3925470,Boxing
Q1004888,Cross-country skiing
Q1005044,Biathlon
Q10572463,Boxing
Q4467904,Weightlifting
Q1005576,Alpine skiing
Q12808144,Weightlifting
Q55615399,Judo
Q7979987,Weightlifting
Q25239317,Weightlifting
Q3879597,Swimming
Q1042644,Alpine skiing
Q1004935,Cross-country skiing
Q3811012,Judo
Q1408876,Athletics
Q5481589,Shooting
Q3500383,Wrestling
Q372925,Ski jumping
Q3879657,Swimming
Q2306561,Athletics
Q4443766,Shooting
Q615345,Alpine skiing
Q576599,Freestyle skiing
Q7979999,Weightlifting
Q1005805,Alpine skiing
Q55615398,Judo
Q3879648,Swimming
Q3811008,Judo
Q1421727,Cycling
Q1004863,Speed skating
Q128040,Cycling
Q1005192,Short-track speed skating
Q4160926,Judo
Q823675,Snowboarding
Q3628773,Athletics
Q3879603,Swimming
Q1407627,Athletics
Q1408300,Archery
