qid,games,year,season
Q303623,2012 Summer,2012,Summer
Q607635,2010 Winter,2010,Winter
Q939000,2012 Summer,2012,Summer
Q26233801,2016 Summer,2016,Summer
Q743905,2008 Summer,2008,Summer
Q1433269,2004 Summer,2004,Summer
Q1005784,2008 Summer,2008,Summer
Q1005641,1992 Winter,1992,Winter
Q3628768,2000 Summer,2000,Summer
Q7400295,1984 Summer,1984,Summer
Q15506518,2014 Winter,2014,Winter
Q4951829,1996 Summer,1996,Summer
Q26212143,2016 Summer,2016,Summer
Q250187,2008 Summer,2008,Summer
Q1221945,1994 Winter,1994,Winter
Q3879591,2000 Summer,2000,Summer
Q25239321,1988 Summer,1988,Summer
Q1205250,2008 Summer,2008,Summer
Q766586,2002 Winter,2002,Winter
Q850246,2006 Winter,2006,Winter
Q2071152,2012 Summer,2012,Summer
Q2071160,2012 Summer,2012,Summer
Q1204722,2008 Summer,2008,Summer
Q26208755,2016 Summer,2016,Summer
Q2500292,2012 Summer,2012,Summer
Q870647,1992 Winter,1992,Winter
Q7662173,2000 Summer,2000,Summer
Q15619183,2014 Winter,2014,Winter
Q25239533,1988 Summer,1988,Summer
Q4951830,1996 Summer,1996,Summer
Q1005783,2008 Summer,2008,Summer
Q7372012,2000 Summer,2000,Summer
Q3879590,2000 Summer,2000,Summer
Q1221969,1988 Winter,1988,Winter
Q3628769,2000 Summer,2000,Summer
Q1005640,1994 Winter,1994,Winter
Q744487,2008 Summer,2008,Summer
Q26233821,2016 Summer,2016,Summer
Q1433109,2004 Summer,2004,Summer
Q1049551,2012 Summer,2012,Summer
Q2071129,2012 Summer,2012,Summer
Q2071135,2012 Summer,2012,Summer
Q2090641,2012 Summer,2012,Summer
Q26219843,2016 Summer,2016,Summer
Q26208467,2016 Summer,2016,Summer
Q2001009,2012 Summer,2012,Summer
Q65242144,2020 Summer,2020,Summer
Q1799275,2012 Summer,2012,Summer
Q1771990,2012 Summer,2012,Summer
Q2194130,2012 Summer,2012,Summer
Q26219851,2016 Summer,2016,Summer
Q1043342,2008 Summer,2008,Summer
Q1063589,2008 Summer,2008,Summer
Q26212188,2016 Summer,2016,Summer
Q26219850,2016 Summer,2016,Summer
Q256559,2008 Summer,2008,Summer
Q1185004,2008 Summer,2008,Summer
Q657467,2008 Summer,2008,Summer
Q754412,2012 Summer,2012,Summer
Q15056220,2014 Winter,2014,Winter
Q24760634,2016 Summer,2016,Summer
Q25386275,2016 Summer,2016,Summer
Q950563,2008 Summer,2008,Summer
Q47296499,2018 Winter,2018,Winter
Q26242953,2016 Summer,2016,Summer
Q26235881,2016 Summer,2016,Summer
Q26237528,2016 Summer,2016,Summer
Q26237418,2016 Summer,2016,Summer
Q26243423,2016 Summer,2016,Summer
Q26234145,2016 Summer,2016,Summer
Q26261258,2016 Summer,2016,Summer
Q26262523,2016 Summer,2016,Summer
Q26259596,2016 Summer,2016,Summer
Q26261256,2016 Summer,2016,Summer
Q26265815,2016 Summer,2016,Summer
Q26262252,2016 Summer,2016,Summer
Q26273359,2016 Summer,2016,Summer
Q26263572,2016 Summer,2016,Summer
Q26260960,2016 Summer,2016,Summer
Q26234144,2016 Summer,2016,Summer
Q26234119,2016 Summer,2016,Summer
Q26291516,2016 Summer,2016,Summer
Q26234051,2016 Summer,2016,Summer
Q26233995,2016 Summer,2016,Summer
Q26430868,2016 Summer,2016,Summer
Q284413,2012 Summer,2012,Summer
Q3223718,2014 Winter,2014,Winter
Q26233317,2016 Summer,2016,Summer
Q26233122,2016 Summer,2016,Summer
Q3082710,2012 Summer,2012,Summer
Q26229077,2016 Summer,2016,Summer
Q26233320,2016 Summer,2016,Summer
Q284936,2012 Summer,2012,Summer
Q26233297,2016 Summer,2016,Summer
Q26233103,2016 Summer,2016,Summer
Q284423,2012 Summer,2012,Summer
Q326112,2012 Summer,2012,Summer
Q26233319,2016 Summer,2016,Summer
Q1064016,2012 Summer,2012,Summer
Q1055931,2012 Summer,2012,Summer
Q26219862,2016 Summer,2016,Summer
Q26225492,2016 Summer,2016,Summer
Q1064728,2008 Summer,2008,Summer
Q26212225,2016 Summer,2016,Summer
Q26224939,2016 Summer,2016,Summer
Q26219861,2016 Summer,2016,Summer
Q369846,2008 Summer,2008,Summer
Q26225938,2016 Summer,2016,Summer
Q326384,2012 Summer,2012,Summer
Q26212202,2016 Summer,2016,Summer
Q1005787,2012 Summer,2012,Summer
Q26223026,2016 Summer,2016,Summer
Q26219858,2016 Summer,2016,Summer
Q26221551,2016 Summer,2016,Summer
Q26219856,2016 Summer,2016,Summer
Q1050909,2012 Summer,2012,Summer
Q1064358,2012 Summer,2012,Summer
Q1064845,2012 Summer,2012,Summer
Q1140736,2012 Summer,2012,Summer
Q62020022,2020 Summer,2020,Summer
Q65235520,2020 Summer,2020,Summer
Q26219821,2016 Summer,2016,Summer
Q26219841,2016 Summer,2016,Summer
Q110316274,2022 Winter,2022,Winter
Q65243912,2020 Summer,2020,Summer
Q65235537,2020 Summer,2020,Summer
Q1076273,2008 Summer,2008,Summer
Q2070009,2012 Summer,2012,Summer
Q65235488,2020 Summer,2020,Summer
Q1188476,2012 Summer,2012,Summer
Q65235512,2020 Summer,2020,Summer
Q47295256,2018 Winter,2018,Winter
Q65235562,2020 Summer,2020,Summer
Q2000949,2012 Summer,2012,Summer
Q2000999,2012 Summer,2012,Summer
Q65235574,2020 Summer,2020,Summer
Q2000988,2012 Summer,2012,Summer
Q1094662,2008 Summer,2008,Summer
Q110316264,2022 Winter,2022,Winter
Q627905,2012 Summer,2012,Summer
Q65243916,2020 Summer,2020,Summer
Q590226,2008 Summer,2008,Summer
Q1193963,2008 Summer,2008,Summer
Q26219839,2016 Summer,2016,Summer
Q65235568,2020 Summer,2020,Summer
Q2000979,2012 Summer,2012,Summer
Q65242281,2020 Summer,2020,Summer
Q110264101,2022 Winter,2022,Winter
Q62020023,2020 Summer,2020,Summer
Q645932,2012 Summer,2012,Summer
Q370500,2012 Summer,2012,Summer
Q1065654,2012 Summer,2012,Summer
Q110264143,2022 Winter,2022,Winter
Q26214545,2016 Summer,2016,Summer
Q2070547,2012 Summer,2012,Summer
Q2071171,2012 Summer,2012,Summer
Q62020027,2020 Summer,2020,Summer
Q26208357,2016 Summer,2016,Summer
Q62020029,2020 Summer,2020,Summer
Q1144277,2008 Summer,2008,Summer
Q1193975,2008 Summer,2008,Summer
Q531436,2012 Summer,2012,Summer
Q47155555,2018 Winter,2018,Winter
Q26086643,2016 Summer,2016,Summer
Q62020033,2020 Summer,2020,Summer
Q1076798,2012 Summer,2012,Summer
Q47296003,2018 Winter,2018,Winter
Q65242368,2020 Summer,2020,Summer
Q591384,2012 Summer,2012,Summer
Q62020025,2020 Summer,2020,Summer
Q1076967,2012 Summer,2012,Summer
Q47263008,2018 Winter,2018,Winter
Q2000968,2012 Summer,2012,Summer
Q1067177,2010 Winter,2010,Winter
Q62020035,2020 Summer,2020,Summer
Q26208442,2016 Summer,2016,Summer
Q62020026,2020 Summer,2020,Summer
Q47455933,2018 Winter,2018,Winter
Q2069991,2012 Summer,2012,Summer
Q110316174,2022 Winter,2022,Winter
Q62020030,2020 Summer,2020,Summer
Q65235495,2020 Summer,2020,Summer
Q47310015,2018 Winter,2018,Winter
Q586832,2010 Winter,2010,Winter
Q62020031,2020 Summer,2020,Summer
Q110324226,2022 Winter,2022,Winter
Q25991470,2016 Summer,2016,Summer
Q2000939,2012 Summer,2012,Summer
Q603519,2012 Summer,2012,Summer
Q26219842,2016 Summer,2016,Summer
Q65235505,2020 Summer,2020,Summer
Q2036655,2012 Summer,2012,Summer
Q110264144,2022 Winter,2022,Winter
Q26215594,2016 Summer,2016,Summer
Q62020028,2020 Summer,2020,Summer
Q536380,2012 Summer,2012,Summer
Q585714,2012 Summer,2012,Summer
Q26037158,2016 Summer,2016,Summer
Q47155815,2018 Winter,2018,Winter
Q26208457,2016 Summer,2016,Summer
Q25991460,2016 Summer,2016,Summer
Q65235542,2020 Summer,2020,Summer
Q65243918,2020 Summer,2020,Summer
Q26203840,2016 Summer,2016,Summer
Q26208447,2016 Summer,2016,Summer
Q25991453,2016 Summer,2016,Summer
Q62020036,2020 Summer,2020,Summer
Q2001050,2012 Summer,2012,Summer
Q62020024,2020 Summer,2020,Summer
Q62020034,2020 Summer,2020,Summer
Q57083855,2020 Summer,2020,Summer
Q47295100,2018 Winter,2018,Winter
Q1068773,2012 Summer,2012,Summer
Q110264107,2022 Winter,2022,Winter
Q21858018,2016 Summer,2016,Summer
Q22968982,2016 Summer,2016,Summer
Q47155505,2018 Winter,2018,Winter
Q1772012,2012 Summer,2012,Summer
Q1798905,2012 Summer,2012,Summer
Q24906828,2016 Summer,2016,Summer
Q942500,2010 Winter,2010,Winter
Q938805,2008 Summer,2008,Summer
Q28209,2012 Summer,2012,Summer
Q25476845,2016 Summer,2016,Summer
Q25476835,2016 Summer,2016,Summer
Q24995398,2016 Summer,2016,Summer
Q1798873,2012 Summer,2012,Summer
Q666951,2010 Winter,2010,Winter
Q25301754,2016 Summer,2016,Summer
Q1649415,2012 Summer,2012,Summer
Q1827915,2012 Summer,2012,Summer
Q21858030,2016 Summer,2016,Summer
Q25301787,2016 Summer,2016,Summer
Q739527,2008 Summer,2008,Summer
Q47091419,2018 Winter,2018,Winter
Q15055975,2014 Winter,2014,Winter
Q938130,2012 Summer,2012,Summer
Q247273,2008 Summer,2008,Summer
Q25396697,2016 Summer,2016,Summer
Q47155365,2018 Winter,2018,Winter
Q1798983,2012 Summer,2012,Summer
Q25397537,2016 Summer,2016,Summer
Q693595,2008 Summer,2008,Summer
Q843287,2012 Summer,2012,Summer
Q960100,2012 Summer,2012,Summer
Q24825467,2016 Summer,2016,Summer
Q2437166,2012 Summer,2012,Summer
Q1753402,2012 Summer,2012,Summer
Q956242,2012 Summer,2012,Summer
Q1345726,2012 Summer,2012,Summer
Q22968981,2016 Summer,2016,Summer
Q1222270,2012 Summer,2012,Summer
Q932145,2012 Summer,2012,Summer
Q22968972,2016 Summer,2016,Summer
Q1005337,2012 Summer,2012,Summer
Q1005506,2012 Summer,2012,Summer
Q782396,2008 Summer,2008,Summer
Q25476761,2016 Summer,2016,Summer
Q1337276,2012 Summer,2012,Summer
Q25301916,2016 Summer,2016,Summer
Q47105341,2018 Winter,2018,Winter
Q938833,2008 Summer,2008,Summer
Q1986718,2012 Summer,2012,Summer
Q937510,2012 Summer,2012,Summer
Q15056097,2014 Winter,2014,Winter
Q2268451,2012 Summer,2012,Summer
Q25396702,2016 Summer,2016,Summer
Q31850,2012 Summer,2012,Summer
Q1798882,2012 Summer,2012,Summer
Q764131,2012 Summer,2012,Summer
Q916735,2010 Winter,2010,Winter
Q937526,2012 Summer,2012,Summer
Q25301472,2016 Summer,2016,Summer
Q658077,2010 Winter,2010,Winter
Q24761058,2016 Summer,2016,Summer
Q22968977,2016 Summer,2016,Summer
Q15056098,2014 Winter,2014,Winter
Q1005551,2012 Summer,2012,Summer
Q1636766,2012 Summer,2012,Summer
Q22968980,2016 Summer,2016,Summer
Q25476545,2016 Summer,2016,Summer
Q732985,2010 Winter,2010,Winter
Q843436,2012 Summer,2012,Summer
Q1799251,2012 Summer,2012,Summer
Q22968985,2016 Summer,2016,Summer
Q733756,2012 Summer,2012,Summer
Q15620701,2014 Winter,2014,Winter
Q1005683,2012 Summer,2012,Summer
Q15620726,2014 Winter,2014,Winter
Q15054997,2014 Winter,2014,Winter
Q47155425,2018 Winter,2018,Winter
Q22968983,2016 Summer,2016,Summer
Q1772017,2012 Summer,2012,Summer
Q945090,2012 Summer,2012,Summer
Q1798867,2012 Summer,2012,Summer
Q47155541,2018 Winter,2018,Winter
Q22968979,2016 Summer,2016,Summer
Q767351,2012 Summer,2012,Summer
Q1799157,2012 Summer,2012,Summer
Q1771958,2012 Summer,2012,Summer
Q1005508,2012 Summer,2012,Summer
Q25396694,2016 Summer,2016,Summer
Q22968974,2016 Summer,2016,Summer
Q22968986,2016 Summer,2016,Summer
Q15052026,2014 Winter,2014,Winter
Q15056101,2014 Winter,2014,Winter
Q47155408,2018 Winter,2018,Winter
Q1005554,2012 Summer,2012,Summer
Q947750,2008 Summer,2008,Summer
Q1005379,2012 Summer,2012,Summer
Q2269155,2012 Summer,2012,Summer
Q22968973,2016 Summer,2016,Summer
Q1005663,2012 Summer,2012,Summer
Q28166,2012 Summer,2012,Summer
Q143007,2008 Summer,2008,Summer
Q1414502,2012 Summer,2012,Summer
Q15055978,2014 Winter,2014,Winter
Q734020,2012 Summer,2012,Summer
Q25476541,2016 Summer,2016,Summer
Q15620700,2014 Winter,2014,Winter
Q22968984,2016 Summer,2016,Summer
Q1004931,2008 Summer,2008,Summer
Q15292539,2014 Winter,2014,Winter
Q47155467,2018 Winter,2018,Winter
Q1754221,2012 Summer,2012,Summer
Q779173,2012 Summer,2012,Summer
Q225969,2010 Winter,2010,Winter
Q23747965,2016 Summer,2016,Summer
Q427022,2012 Summer,2012,Summer
Q765839,2012 Summer,2012,Summer
Q25301483,2016 Summer,2016,Summer
Q14643120,2014 Winter,2014,Winter
Q841530,2012 Summer,2012,Summer
Q22968976,2016 Summer,2016,Summer
Q832282,2010 Winter,2010,Winter
Q918063,2012 Summer,2012,Summer
Q15056102,2014 Winter,2014,Winter
Q47155371,2018 Winter,2018,Winter
Q769542,2010 Winter,2010,Winter
Q1464256,2012 Summer,2012,Summer
Q28163,2012 Summer,2012,Summer
Q1222420,2012 Summer,2012,Summer
Q15056279,2014 Winter,2014,Winter
Q26237421,2016 Summer,2016,Summer
Q26242954,2016 Summer,2016,Summer
Q26237420,2016 Summer,2016,Summer
Q26237423,2016 Summer,2016,Summer
Q26237427,2016 Summer,2016,Summer
Q26245392,2016 Summer,2016,Summer
Q26254891,2016 Summer,2016,Summer
Q26250761,2016 Summer,2016,Summer
Q26235041,2016 Summer,2016,Summer
Q26237425,2016 Summer,2016,Summer
Q26241858,2016 Summer,2016,Summer
Q26237636,2016 Summer,2016,Summer
Q26254912,2016 Summer,2016,Summer
Q26271841,2016 Summer,2016,Summer
Q26265496,2016 Summer,2016,Summer
Q26262259,2016 Summer,2016,Summer
Q26269194,2016 Summer,2016,Summer
Q26263222,2016 Summer,2016,Summer
Q26262262,2016 Summer,2016,Summer
Q26262295,2016 Summer,2016,Summer
Q26268459,2016 Summer,2016,Summer
Q26265678,2016 Summer,2016,Summer
Q26260943,2016 Summer,2016,Summer
Q26269219,2016 Summer,2016,Summer
Q26263261,2016 Summer,2016,Summer
Q26256610,2016 Summer,2016,Summer
Q26269232,2016 Summer,2016,Summer
Q26256651,2016 Summer,2016,Summer
Q26271817,2016 Summer,2016,Summer
Q26265754,2016 Summer,2016,Summer
Q26262261,2016 Summer,2016,Summer
Q26268456,2016 Summer,2016,Summer
Q2732034,2008 Summer,2008,Summer
Q26389812,2016 Summer,2016,Summer
Q2718015,2012 Summer,2012,Summer
Q26419091,2016 Summer,2016,Summer
Q26308744,2016 Summer,2016,Summer
Q26406504,2016 Summer,2016,Summer
Q2648878,2012 Summer,2012,Summer
Q26404105,2016 Summer,2016,Summer
Q2726820,2008 Summer,2008,Summer
Q26334986,2016 Summer,2016,Summer
Q2726788,2008 Summer,2008,Summer
Q26334232,2016 Summer,2016,Summer
Q26305911,2016 Summer,2016,Summer
Q26320658,2016 Summer,2016,Summer
Q2726746,2008 Summer,2008,Summer
Q26308566,2016 Summer,2016,Summer
Q269521,2008 Summer,2008,Summer
Q26404138,2016 Summer,2016,Summer
Q26406514,2016 Summer,2016,Summer
Q26328066,2016 Summer,2016,Summer
Q26334713,2016 Summer,2016,Summer
Q2726750,2008 Summer,2008,Summer
Q263926,2010 Winter,2010,Winter
Q26339635,2016 Summer,2016,Summer
Q26334907,2016 Summer,2016,Summer
Q2687405,2012 Summer,2012,Summer
Q2634280,2008 Summer,2008,Summer
Q2715839,2012 Summer,2012,Summer
Q26280676,2016 Summer,2016,Summer
Q26294065,2016 Summer,2016,Summer
Q26339577,2016 Summer,2016,Summer
Q2732321,2008 Summer,2008,Summer
Q2731531,2008 Summer,2008,Summer
Q2731998,2008 Summer,2008,Summer
Q26294109,2016 Summer,2016,Summer
Q2718019,2012 Summer,2012,Summer
Q26333692,2016 Summer,2016,Summer
Q26401684,2016 Summer,2016,Summer
Q26419030,2016 Summer,2016,Summer
Q26335055,2016 Summer,2016,Summer
Q26234091,2016 Summer,2016,Summer
Q26328052,2016 Summer,2016,Summer
Q2732386,2008 Summer,2008,Summer
Q26233790,2016 Summer,2016,Summer
Q26233786,2016 Summer,2016,Summer
Q26233793,2016 Summer,2016,Summer
Q26233796,2016 Summer,2016,Summer
Q26233794,2016 Summer,2016,Summer
Q26233798,2016 Summer,2016,Summer
Q288549,2008 Summer,2008,Summer
Q305439,2012 Summer,2012,Summer
Q3039134,2012 Summer,2012,Summer
Q303268,2010 Winter,2010,Winter
Q26233791,2016 Summer,2016,Summer
Q26233478,2016 Summer,2016,Summer
Q2936542,2012 Summer,2012,Summer
Q2740554,2012 Summer,2012,Summer
Q26233783,2016 Summer,2016,Summer
Q26233795,2016 Summer,2016,Summer
Q3082335,2012 Summer,2012,Summer
Q305171,2012 Summer,2012,Summer
Q26233789,2016 Summer,2016,Summer
Q26233797,2016 Summer,2016,Summer
Q326382,2012 Summer,2012,Summer
Q26228283,2016 Summer,2016,Summer
Q1043354,2008 Summer,2008,Summer
Q1042705,2012 Summer,2012,Summer
Q26212366,2016 Summer,2016,Summer
Q26212190,2016 Summer,2016,Summer
Q1043361,2008 Summer,2008,Summer
Q1043405,2012 Summer,2012,Summer
Q348720,2012 Summer,2012,Summer
Q1043347,2008 Summer,2008,Summer
Q3513763,2012 Summer,2012,Summer
Q348714,2012 Summer,2012,Summer
Q26220718,2016 Summer,2016,Summer
Q1005771,2008 Summer,2008,Summer
Q26219852,2016 Summer,2016,Summer
Q1064571,2008 Summer,2008,Summer
Q26212275,2016 Summer,2016,Summer
Q26212310,2016 Summer,2016,Summer
Q26219853,2016 Summer,2016,Summer
Q1064381,2008 Summer,2008,Summer
Q334901,2012 Summer,2012,Summer
Q332673,2012 Summer,2012,Summer
Q1005722,2008 Summer,2008,Summer
Q1042441,2008 Summer,2008,Summer
Q26219865,2016 Summer,2016,Summer
Q1064410,2010 Winter,2010,Winter
Q26219855,2016 Summer,2016,Summer
Q1051974,2008 Summer,2008,Summer
Q26212177,2016 Summer,2016,Summer
Q26213159,2016 Summer,2016,Summer
Q368950,2008 Summer,2008,Summer
Q1005719,2008 Summer,2008,Summer
Q1750589,2004 Summer,2004,Summer
Q25991462,2016 Summer,2016,Summer
Q1077323,2008 Summer,2008,Summer
Q497491,2012 Summer,2012,Summer
Q1565131,2004 Summer,2004,Summer
Q2171151,2012 Summer,2012,Summer
Q107861717,2022 Winter,2022,Winter
Q544177,2008 Summer,2008,Summer
Q539696,2012 Summer,2012,Summer
Q26218171,2016 Summer,2016,Summer
Q656724,2010 Winter,2010,Winter
Q7372006,2000 Summer,2000,Summer
Q370708,2008 Summer,2008,Summer
Q2570052,2008 Summer,2008,Summer
Q7400301,1984 Summer,1984,Summer
Q2070431,2012 Summer,2012,Summer
Q1573389,1992 Summer,1992,Summer
Q2563908,2008 Summer,2008,Summer
Q18391270,1988 Summer,1988,Summer
Q22964432,1992 Summer,1992,Summer
Q25991452,2016 Summer,2016,Summer
Q7400304,1992 Summer,1992,Summer
Q7372003,2000 Summer,2000,Summer
Q1439757,1988 Summer,1988,Summer
Q1573400,1988 Summer,1988,Summer
Q526367,2012 Summer,2012,Summer
Q1066796,2008 Summer,2008,Summer
Q25932069,2016 Summer,2016,Summer
Q602540,2008 Summer,2008,Summer
Q25863642,2016 Summer,2016,Summer
Q2570149,2008 Summer,2008,Summer
Q47309900,2018 Winter,2018,Winter
Q22964430,1988 Summer,1988,Summer
Q1560063,2000 Summer,2000,Summer
Q7400296,1988 Summer,1988,Summer
Q7372011,2000 Summer,2000,Summer
Q26212154,2016 Summer,2016,Summer
Q2070029,2012 Summer,2012,Summer
Q17063531,1988 Summer,1988,Summer
Q47309816,2018 Winter,2018,Winter
Q26155833,2016 Summer,2016,Summer
Q522820,2008 Summer,2008,Summer
Q26212159,2016 Summer,2016,Summer
Q2070048,2012 Summer,2012,Summer
Q2071238,2012 Summer,2012,Summer
Q107802331,2022 Winter,2022,Winter
Q1067796,2012 Summer,2012,Summer
Q26212148,2016 Summer,2016,Summer
Q2022105,1996 Summer,1996,Summer
Q603505,2008 Summer,2008,Summer
Q2566720,2008 Summer,2008,Summer
Q526698,2008 Summer,2008,Summer
Q1997551,2012 Summer,2012,Summer
Q383513,2010 Winter,2010,Winter
Q2026292,2012 Summer,2012,Summer
Q1192124,2008 Summer,2008,Summer
Q1856784,2000 Summer,2000,Summer
Q508776,2008 Summer,2008,Summer
Q65242336,2020 Summer,2020,Summer
Q26212150,2016 Summer,2016,Summer
Q2065523,2004 Summer,2004,Summer
Q580474,2012 Summer,2012,Summer
Q578012,2010 Winter,2010,Winter
Q1444605,1992 Summer,1992,Summer
Q2071266,2012 Summer,2012,Summer
Q17033536,1996 Summer,1996,Summer
Q379473,2010 Winter,2010,Winter
Q727674,2004 Summer,2004,Summer
Q15056263,2004 Summer,2004,Summer
Q7400300,1988 Summer,1988,Summer
Q65242164,2020 Summer,2020,Summer
Q734628,2002 Winter,2002,Winter
Q26212147,2016 Summer,2016,Summer
Q2212666,2004 Summer,2004,Summer
Q609985,2008 Summer,2008,Summer
Q727687,2004 Summer,2004,Summer
Q107802335,2022 Winter,2022,Winter
Q2133123,2000 Summer,2000,Summer
Q26218913,2016 Summer,2016,Summer
Q22964428,1988 Summer,1988,Summer
Q22964421,1988 Summer,1988,Summer
Q22964427,1988 Summer,1988,Summer
Q635304,2008 Summer,2008,Summer
Q25927636,2016 Summer,2016,Summer
Q25991454,2016 Summer,2016,Summer
Q7372004,2000 Summer,2000,Summer
Q684586,2000 Summer,2000,Summer
Q25932068,2016 Summer,2016,Summer
Q22964424,1988 Summer,1988,Summer
Q1184283,2008 Summer,2008,Summer
Q1067970,2008 Summer,2008,Summer
Q26208276,2016 Summer,2016,Summer
Q26218605,2016 Summer,2016,Summer
Q17018014,1996 Summer,1996,Summer
Q65235550,2020 Summer,2020,Summer
Q7400311,1992 Summer,1992,Summer
Q1095367,2008 Summer,2008,Summer
Q574129,2008 Summer,2008,Summer
Q7372002,2000 Summer,2000,Summer
Q22964423,1988 Summer,1988,Summer
Q26217722,2016 Summer,2016,Summer
Q1194001,2008 Summer,2008,Summer
Q2025976,2012 Summer,2012,Summer
Q1139399,2012 Summer,2012,Summer
Q600157,2008 Summer,2008,Summer
Q257545,2008 Summer,2008,Summer
Q25932666,2016 Summer,2016,Summer
Q17063534,1988 Summer,1988,Summer
Q1750582,2004 Summer,2004,Summer
Q17515791,1996 Summer,1996,Summer
Q26218947,2016 Summer,2016,Summer
Q2563992,2008 Summer,2008,Summer
Q7372009,2000 Summer,2000,Summer
Q374871,2012 Summer,2012,Summer
Q2022221,2000 Summer,2000,Summer
Q26212176,2016 Summer,2016,Summer
Q571174,2008 Summer,2008,Summer
Q2022115,1996 Summer,1996,Summer
Q65242363,2020 Summer,2020,Summer
Q1750592,2004 Summer,2004,Summer
Q571263,2010 Winter,2010,Winter
Q15703663,1988 Winter,1988,Winter
Q613571,2010 Winter,2010,Winter
Q22964422,1988 Summer,1988,Summer
Q2051400,2012 Summer,2012,Summer
Q595972,2010 Winter,2010,Winter
Q17515790,1996 Summer,1996,Summer
Q593761,2012 Summer,2012,Summer
Q65242200,2020 Summer,2020,Summer
Q47309929,2018 Winter,2018,Winter
Q26208602,2016 Summer,2016,Summer
Q737066,2004 Summer,2004,Summer
Q22964434,1992 Summer,1992,Summer
Q628945,2008 Summer,2008,Summer
Q2570068,2008 Summer,2008,Summer
Q26212144,2016 Summer,2016,Summer
Q107861723,2022 Winter,2022,Winter
Q1066390,2008 Summer,2008,Summer
Q7400298,1988 Summer,1988,Summer
Q26212146,2016 Summer,2016,Summer
Q26219832,2016 Summer,2016,Summer
Q17088224,1992 Summer,1992,Summer
Q47309958,2018 Winter,2018,Winter
Q198766,1988 Summer,1988,Summer
Q1067077,2008 Summer,2008,Summer
Q25991451,2016 Summer,2016,Summer
Q584030,2012 Summer,2012,Summer
Q7371998,2000 Summer,2000,Summer
Q595962,2010 Winter,2010,Winter
Q581364,2008 Summer,2008,Summer
Q26217871,2016 Summer,2016,Summer
Q20948675,2016 Summer,2016,Summer
Q25927635,2016 Summer,2016,Summer
Q7400299,1988 Summer,1988,Summer
Q1137721,2012 Summer,2012,Summer
Q26218607,2016 Summer,2016,Summer
Q547331,2008 Summer,2008,Summer
Q26219824,2016 Summer,2016,Summer
Q1440658,2004 Summer,2004,Summer
Q18449954,1992 Summer,1992,Summer
Q2142977,2012 Summer,2012,Summer
Q7400307,1992 Summer,1992,Summer
Q2048869,2012 Summer,2012,Summer
Q25991449,2016 Summer,2016,Summer
Q1156695,2012 Summer,2012,Summer
Q2198226,2004 Summer,2004,Summer
Q1143843,2012 Summer,2012,Summer
Q16968702,2000 Summer,2000,Summer
Q1750576,2004 Summer,2004,Summer
Q1193987,2008 Summer,2008,Summer
Q679870,2004 Summer,2004,Summer
Q374383,2012 Summer,2012,Summer
Q735286,2004 Summer,2004,Summer
Q2563962,2008 Summer,2008,Summer
Q1089565,2008 Summer,2008,Summer
Q1439323,2004 Summer,2004,Summer
Q2563927,2008 Summer,2008,Summer
Q26212160,2016 Summer,2016,Summer
Q577260,2008 Summer,2008,Summer
Q26219830,2016 Summer,2016,Summer
Q2091137,2012 Summer,2012,Summer
Q220855,2004 Summer,2004,Summer
Q26213161,2016 Summer,2016,Summer
Q2618235,2012 Summer,2012,Summer
Q1075752,2008 Summer,2008,Summer
Q1439338,2004 Summer,2004,Summer
Q25991466,2016 Summer,2016,Summer
Q656634,2008 Summer,2008,Summer
Q579227,2008 Summer,2008,Summer
Q25991463,2016 Summer,2016,Summer
Q221335,2006 Winter,2006,Winter
Q613470,2010 Winter,2010,Winter
Q1156706,2012 Summer,2012,Summer
Q1156710,2012 Summer,2012,Summer
Q25932055,2016 Summer,2016,Summer
Q65235579,2020 Summer,2020,Summer
Q1156700,2012 Summer,2012,Summer
Q607576,2008 Summer,2008,Summer
Q2157561,2012 Summer,2012,Summer
Q65242174,2020 Summer,2020,Summer
Q2112865,1996 Summer,1996,Summer
Q1575430,2004 Summer,2004,Summer
Q596094,2008 Summer,2008,Summer
Q107861696,2022 Winter,2022,Winter
Q2070832,2012 Summer,2012,Summer
Q107861714,2022 Winter,2022,Winter
Q47309836,2018 Winter,2018,Winter
Q584005,2012 Summer,2012,Summer
Q517035,2008 Summer,2008,Summer
Q1750716,2004 Summer,2004,Summer
Q26212152,2016 Summer,2016,Summer
Q1604222,2006 Winter,2006,Winter
Q162056,2000 Summer,2000,Summer
Q107861706,2022 Winter,2022,Winter
Q7400306,1992 Summer,1992,Summer
Q1084677,2008 Summer,2008,Summer
Q22964420,1988 Summer,1988,Summer
Q107861726,2022 Winter,2022,Winter
Q733026,1992 Summer,1992,Summer
Q1534918,1992 Winter,1992,Winter
Q25863624,2016 Summer,2016,Summer
Q259965,2010 Winter,2010,Winter
Q7400309,1992 Summer,1992,Summer
Q16953154,1996 Summer,1996,Summer
Q2072744,1992 Summer,1992,Summer
Q609385,2008 Summer,2008,Summer
Q26217896,2016 Summer,2016,Summer
Q19819174,1992 Summer,1992,Summer
Q47309990,2018 Winter,2018,Winter
Q25991461,2016 Summer,2016,Summer
Q1094686,2008 Summer,2008,Summer
Q2096231,2012 Summer,2012,Summer
Q26155830,2016 Summer,2016,Summer
Q26218598,2016 Summer,2016,Summer
Q26212155,2016 Summer,2016,Summer
Q26155834,2016 Summer,2016,Summer
Q2570158,2008 Summer,2008,Summer
Q25991459,2016 Summer,2016,Summer
Q7400308,1992 Summer,1992,Summer
Q1067772,2012 Summer,2012,Summer
Q1750578,2004 Summer,2004,Summer
Q107861699,2022 Winter,2022,Winter
Q107861710,2022 Winter,2022,Winter
Q26212161,2016 Summer,2016,Summer
Q1193982,2008 Summer,2008,Summer
Q635823,2010 Winter,2010,Winter
Q2201769,2004 Summer,2004,Summer
Q7371997,2000 Summer,2000,Summer
Q1005685,2008 Summer,2008,Summer
Q2564420,2008 Summer,2008,Summer
Q586729,2010 Winter,2010,Winter
Q22964419,1988 Summer,1988,Summer
Q26218466,2016 Summer,2016,Summer
Q22964425,1988 Summer,1988,Summer
Q26215191,2016 Summer,2016,Summer
Q26155829,2016 Summer,2016,Summer
Q1075735,2008 Summer,2008,Summer
Q1193966,2008 Summer,2008,Summer
Q26217865,2016 Summer,2016,Summer
Q1156715,2012 Summer,2012,Summer
Q662887,2006 Winter,2006,Winter
Q1439291,2004 Summer,2004,Summer
Q580481,2010 Winter,2010,Winter
Q1131387,2008 Summer,2008,Summer
Q2070058,2012 Summer,2012,Summer
Q65235532,2020 Summer,2020,Summer
Q7400302,1988 Summer,1988,Summer
Q1997032,2012 Summer,2012,Summer
Q7372007,2000 Summer,2000,Summer
Q1750591,2004 Summer,2004,Summer
Q26212162,2016 Summer,2016,Summer
Q610603,2010 Winter,2010,Winter
Q26218320,2016 Summer,2016,Summer
Q2022215,2000 Summer,2000,Summer
Q1750587,2004 Summer,2004,Summer
Q664418,2006 Winter,2006,Winter
Q634029,2008 Summer,2008,Summer
Q1067383,2012 Summer,2012,Summer
Q25932075,2016 Summer,2016,Summer
Q26212145,2016 Summer,2016,Summer
Q20670790,1992 Summer,1992,Summer
Q26212151,2016 Summer,2016,Summer
Q26218274,2016 Summer,2016,Summer
Q1750595,2004 Summer,2004,Summer
Q26219847,2016 Summer,2016,Summer
Q651065,2008 Summer,2008,Summer
Q107861704,2022 Winter,2022,Winter
Q1439276,2004 Summer,2004,Summer
Q25991448,2016 Summer,2016,Summer
Q7400297,1988 Summer,1988,Summer
Q1137646,2012 Summer,2012,Summer
Q735299,2002 Winter,2002,Winter
Q22964429,1988 Summer,1988,Summer
Q26219831,2016 Summer,2016,Summer
Q25927634,2016 Summer,2016,Summer
Q15056264,2004 Summer,2004,Summer
Q1092809,2008 Summer,2008,Summer
Q65242345,2020 Summer,2020,Summer
Q25991456,2016 Summer,2016,Summer
Q2562124,2008 Summer,2008,Summer
Q26205999,2016 Summer,2016,Summer
Q26213160,2016 Summer,2016,Summer
Q1065640,2008 Summer,2008,Summer
Q26212149,2016 Summer,2016,Summer
Q1094667,2008 Summer,2008,Summer
Q722895,2004 Summer,2004,Summer
Q65242359,2020 Summer,2020,Summer
Q26037184,2016 Summer,2016,Summer
Q7400305,1992 Summer,1992,Summer
Q548072,2010 Winter,2010,Winter
Q730927,2006 Winter,2006,Winter
Q65235526,2020 Summer,2020,Summer
Q26218608,2016 Summer,2016,Summer
Q65242331,2020 Summer,2020,Summer
Q1570183,1992 Summer,1992,Summer
Q1750579,2004 Summer,2004,Summer
Q65235557,2020 Summer,2020,Summer
Q22964435,1992 Summer,1992,Summer
Q26208316,2016 Summer,2016,Summer
Q734997,2004 Summer,2004,Summer
Q614894,2010 Winter,2010,Winter
Q1750583,2004 Summer,2004,Summer
Q26208513,2016 Summer,2016,Summer
Q599412,2012 Summer,2012,Summer
Q25991447,2016 Summer,2016,Summer
Q26219849,2016 Summer,2016,Summer
Q25991455,2016 Summer,2016,Summer
Q17063526,1988 Summer,1988,Summer
Q581788,2012 Summer,2012,Summer
Q588440,2012 Summer,2012,Summer
Q260204,2008 Summer,2008,Summer
Q25991464,2016 Summer,2016,Summer
Q7371994,1992 Summer,1992,Summer
Q26217860,2016 Summer,2016,Summer
Q26218599,2016 Summer,2016,Summer
Q2174649,2012 Summer,2012,Summer
Q7371999,2000 Summer,2000,Summer
Q2000524,2012 Summer,2012,Summer
Q662184,2002 Winter,2002,Winter
Q26219848,2016 Summer,2016,Summer
Q7372001,2000 Summer,2000,Summer
Q1194982,2008 Summer,2008,Summer
Q384953,2010 Winter,2010,Winter
Q1439249,2004 Summer,2004,Summer
Q22964437,1992 Summer,1992,Summer
Q7400312,1992 Summer,1992,Summer
Q1222467,1992 Winter,1992,Winter
Q22964445,1992 Summer,1992,Summer
Q1222171,1998 Winter,1998,Winter
Q826852,1994 Winter,1994,Winter
Q1221935,1998 Winter,1998,Winter
Q31844,2012 Summer,2012,Summer
Q1222146,2002 Winter,2002,Winter
Q917323,2008 Summer,2008,Summer
Q7500747,1988 Summer,1988,Summer
Q1222543,2008 Summer,2008,Summer
Q22964449,1996 Summer,1996,Summer
Q3001407,1992 Summer,1992,Summer
Q2550697,2012 Summer,2012,Summer
Q748648,2006 Winter,2006,Winter
Q14643126,2014 Winter,2014,Winter
Q7656687,1988 Summer,1988,Summer
Q7500819,2000 Summer,2000,Summer
Q4786035,1988 Summer,1988,Summer
Q2299006,2012 Summer,2012,Summer
Q2494175,2012 Summer,2012,Summer
Q2358274,2012 Summer,2012,Summer
Q8979743,2012 Summer,2012,Summer
Q782429,2010 Winter,2010,Winter
Q15056068,2014 Winter,2014,Winter
Q905472,2010 Winter,2010,Winter
Q2521962,2012 Summer,2012,Summer
Q848666,2010 Winter,2010,Winter
Q27961940,1996 Summer,1996,Summer
Q826539,2002 Winter,2002,Winter
Q25397018,2016 Summer,2016,Summer
Q769467,1992 Summer,1992,Summer
Q1005322,2008 Summer,2008,Summer
Q1222469,1994 Winter,1994,Winter
Q7979982,1996 Summer,1996,Summer
Q15055009,2014 Winter,2014,Winter
Q15055028,2014 Winter,2014,Winter
Q15055033,2014 Winter,2014,Winter
Q886732,2000 Summer,2000,Summer
Q1433101,2004 Summer,2004,Summer
Q7979974,1992 Summer,1992,Summer
Q3499001,1992 Summer,1992,Summer
Q1432187,2000 Summer,2000,Summer
Q1005244,2008 Summer,2008,Summer
Q7500847,2004 Summer,2004,Summer
Q781406,2002 Winter,2002,Winter
Q906128,2010 Winter,2010,Winter
Q1221939,1998 Winter,1998,Winter
Q848696,2010 Winter,2010,Winter
Q22964443,1992 Summer,1992,Summer
Q963859,1996 Summer,1996,Summer
Q1222533,1998 Winter,1998,Winter
Q7979972,1992 Summer,1992,Summer
Q3001455,1992 Summer,1992,Summer
Q685266,2008 Summer,2008,Summer
Q7979977,1992 Summer,1992,Summer
Q765657,2006 Winter,2006,Winter
Q7500737,1988 Summer,1988,Summer
Q1005423,2008 Summer,2008,Summer
Q61539,2008 Summer,2008,Summer
Q899312,2008 Summer,2008,Summer
Q22964442,1992 Summer,1992,Summer
Q7400314,1992 Summer,1992,Summer
Q1222168,1988 Winter,1988,Winter
Q15056105,2014 Winter,2014,Winter
Q7674783,2000 Summer,2000,Summer
Q4951839,2000 Summer,2000,Summer
Q15056067,2014 Winter,2014,Winter
Q2353351,2012 Summer,2012,Summer
Q932865,2008 Summer,2008,Summer
Q906859,2004 Summer,2004,Summer
Q3498676,1988 Summer,1988,Summer
Q677063,2012 Summer,2012,Summer
Q846788,2006 Winter,2006,Winter
Q247070,2008 Summer,2008,Summer
Q691742,2010 Winter,2010,Winter
Q7400334,2000 Summer,2000,Summer
Q7500748,1988 Summer,1988,Summer
Q1222651,2002 Winter,2002,Winter
Q7656712,1988 Summer,1988,Summer
Q1222109,1994 Winter,1994,Winter
Q240257,2008 Summer,2008,Summer
Q15056095,2014 Winter,2014,Winter
Q7656705,1988 Summer,1988,Summer
Q5280017,1994 Winter,1994,Winter
Q1222524,1988 Winter,1988,Winter
Q22964439,1992 Summer,1992,Summer
Q1221810,1994 Winter,1994,Winter
Q15055034,2014 Winter,2014,Winter
Q638285,1998 Winter,1998,Winter
Q15054994,2014 Winter,2014,Winter
Q4786049,1996 Summer,1996,Summer
Q917752,2006 Winter,2006,Winter
Q7656695,1988 Summer,1988,Summer
Q3498940,1988 Summer,1988,Summer
Q2724464,2004 Summer,2004,Summer
Q847288,2006 Winter,2006,Winter
Q1222212,1994 Winter,1994,Winter
Q870649,1994 Winter,1994,Winter
Q775967,2008 Summer,2008,Summer
Q917348,2008 Summer,2008,Summer
Q3498987,1992 Summer,1992,Summer
Q4951834,1996 Summer,1996,Summer
Q1202526,2008 Summer,2008,Summer
Q1222025,1998 Winter,1998,Winter
Q15052012,2014 Winter,2014,Winter
Q1222529,1994 Winter,1994,Winter
Q7500840,2004 Summer,2004,Summer
Q1221864,1988 Winter,1988,Winter
Q15056096,2014 Winter,2014,Winter
Q7400342,2004 Summer,2004,Summer
Q1337042,2012 Summer,2012,Summer
Q25386274,2016 Summer,2016,Summer
Q7656689,1988 Summer,1988,Summer
Q841897,2010 Winter,2010,Winter
Q1432476,2000 Summer,2000,Summer
Q7500739,1988 Summer,1988,Summer
Q2557145,2012 Summer,2012,Summer
Q15055073,2014 Winter,2014,Winter
Q3400664,1996 Summer,1996,Summer
Q7400341,2004 Summer,2004,Summer
Q7500816,2000 Summer,2000,Summer
Q762663,2008 Summer,2008,Summer
Q15055013,2014 Winter,2014,Winter
Q15055074,2014 Winter,2014,Winter
Q906865,2004 Summer,2004,Summer
Q853003,2008 Summer,2008,Summer
Q3001409,2000 Summer,2000,Summer
Q7979978,1992 Summer,1992,Summer
Q7979968,1992 Summer,1992,Summer
Q771886,2008 Summer,2008,Summer
Q4951846,2000 Summer,2000,Summer
Q2364389,2012 Summer,2012,Summer
Q1433079,2004 Summer,2004,Summer
Q15056100,2014 Winter,2014,Winter
Q7400319,1996 Summer,1996,Summer
Q7656686,1988 Summer,1988,Summer
Q3498597,1992 Summer,1992,Summer
Q3498966,1992 Summer,1992,Summer
Q1360895,2008 Summer,2008,Summer
Q1222466,1988 Winter,1988,Winter
Q24906829,2016 Summer,2016,Summer
Q7400328,2000 Summer,2000,Summer
Q3001459,2000 Summer,2000,Summer
Q7400320,1996 Summer,1996,Summer
Q279295,2002 Winter,2002,Winter
Q841946,2010 Winter,2010,Winter
Q14643199,2014 Winter,2014,Winter
Q1222632,2006 Winter,2006,Winter
Q1005235,2008 Summer,2008,Summer
Q923513,2008 Summer,2008,Summer
Q704595,2008 Summer,2008,Summer
Q942244,2000 Summer,2000,Summer
Q15056104,2014 Winter,2014,Winter
Q1432289,2000 Summer,2000,Summer
Q2297621,2012 Summer,2012,Summer
Q917333,2008 Summer,2008,Summer
Q1372090,2012 Summer,2012,Summer
Q488601,1988 Summer,1988,Summer
Q1222644,1994 Winter,1994,Winter
Q3498626,1988 Summer,1988,Summer
Q1222474,1998 Winter,1998,Winter
Q15055083,2014 Winter,2014,Winter
Q681571,2012 Summer,2012,Summer
Q523492,1994 Winter,1994,Winter
Q15055007,2014 Winter,2014,Winter
Q936086,2008 Summer,2008,Summer
Q2430785,2012 Summer,2012,Summer
Q1221869,1992 Winter,1992,Winter
Q1222299,2002 Winter,2002,Winter
Q7500827,2004 Summer,2004,Summer
Q917747,2006 Winter,2006,Winter
Q1222092,2002 Winter,2002,Winter
Q905493,2012 Summer,2012,Summer
Q3499032,1988 Summer,1988,Summer
Q7500842,2004 Summer,2004,Summer
Q780808,1992 Winter,1992,Winter
Q1005260,2008 Summer,2008,Summer
Q15055036,2014 Winter,2014,Winter
Q917217,2010 Winter,2010,Winter
Q7979967,1992 Summer,1992,Summer
Q7500813,2000 Summer,2000,Summer
Q1222023,1994 Winter,1994,Winter
Q1221915,1998 Winter,1998,Winter
Q7656694,1988 Summer,1988,Summer
Q15056225,2014 Winter,2014,Winter
Q2308161,2012 Summer,2012,Summer
Q4786036,1988 Summer,1988,Summer
Q1198508,2012 Summer,2012,Summer
Q1005486,2010 Winter,2010,Winter
Q679802,2008 Summer,2008,Summer
Q1426735,1996 Summer,1996,Summer
Q15052025,2014 Winter,2014,Winter
Q1222497,2002 Winter,2002,Winter
Q7979984,1996 Summer,1996,Summer
Q918076,2010 Winter,2010,Winter
Q1222232,1992 Winter,1992,Winter
Q3499929,1988 Summer,1988,Summer
Q263070,2002 Winter,2002,Winter
Q7674782,2000 Summer,2000,Summer
Q761318,2008 Summer,2008,Summer
Q3400667,1996 Summer,1996,Summer
Q15054999,2014 Winter,2014,Winter
Q841622,2012 Summer,2012,Summer
Q904345,2008 Summer,2008,Summer
Q1432202,2000 Summer,2000,Summer
Q22964447,1996 Summer,1996,Summer
Q1222127,1998 Winter,1998,Winter
Q15055004,2014 Winter,2014,Winter
Q4786041,1992 Summer,1992,Summer
Q975449,2004 Summer,2004,Summer
Q429621,2010 Winter,2010,Winter
Q915092,2006 Winter,2006,Winter
Q942805,2004 Summer,2004,Summer
Q1221917,2002 Winter,2002,Winter
Q2329168,2012 Summer,2012,Summer
Q15056099,2014 Winter,2014,Winter
Q7500743,1988 Summer,1988,Summer
Q1222187,1998 Winter,1998,Winter
Q1222124,2002 Winter,2002,Winter
Q2460802,2008 Summer,2008,Summer
Q2358214,2012 Summer,2012,Summer
Q637365,1996 Summer,1996,Summer
Q7674793,2004 Summer,2004,Summer
Q22964450,1996 Summer,1996,Summer
Q2521899,2012 Summer,2012,Summer
Q970610,1988 Winter,1988,Winter
Q6303884,2000 Summer,2000,Summer
Q827175,2006 Winter,2006,Winter
Q7500822,2000 Summer,2000,Summer
Q3499038,1992 Summer,1992,Summer
Q956359,2002 Winter,2002,Winter
Q1222186,1994 Winter,1994,Winter
Q906117,2010 Winter,2010,Winter
Q1222259,1998 Winter,1998,Winter
Q955688,1988 Winter,1988,Winter
Q7656707,1988 Summer,1988,Summer
Q1222137,1998 Winter,1998,Winter
Q7500809,2000 Summer,2000,Summer
Q1222492,1994 Winter,1994,Winter
Q1222654,1994 Winter,1994,Winter
Q2358254,2012 Summer,2012,Summer
Q922361,2008 Summer,2008,Summer
Q870651,1998 Winter,1998,Winter
Q25384916,2016 Summer,2016,Summer
Q6303861,1996 Summer,1996,Summer
Q914969,2008 Summer,2008,Summer
Q1222101,1998 Winter,1998,Winter
Q1438466,1996 Summer,1996,Summer
Q5198393,2000 Summer,2000,Summer
Q840683,2012 Summer,2012,Summer
Q632742,2000 Summer,2000,Summer
Q1221912,1992 Winter,1992,Winter
Q1222549,2008 Summer,2008,Summer
Q752428,2008 Summer,2008,Summer
Q7500741,1988 Summer,1988,Summer
Q1222437,2002 Winter,2002,Winter
Q7656701,1988 Summer,1988,Summer
Q3499009,1988 Summer,1988,Summer
Q1005036,2008 Summer,2008,Summer
Q15055029,2014 Winter,2014,Winter
Q3001452,1988 Summer,1988,Summer
Q7500830,2004 Summer,2004,Summer
Q15055018,2014 Winter,2014,Winter
Q910720,2010 Winter,2010,Winter
Q962650,2012 Summer,2012,Summer
Q7500802,1996 Summer,1996,Summer
Q526793,1988 Winter,1988,Winter
Q31843483,1988 Summer,1988,Summer
Q1222018,1992 Winter,1992,Winter
Q7400345,2004 Summer,2004,Summer
Q940196,2008 Summer,2008,Summer
Q7500810,2000 Summer,2000,Summer
Q4903025,2002 Winter,2002,Winter
Q30680431,1992 Summer,1992,Summer
Q7400325,1996 Summer,1996,Summer
Q746397,2006 Winter,2006,Winter
Q1426854,1996 Summer,1996,Summer
Q7400340,2004 Summer,2004,Summer
Q848641,2010 Winter,2010,Winter
Q829370,2012 Summer,2012,Summer
Q635603,2002 Winter,2002,Winter
Q3499066,1988 Summer,1988,Summer
Q782385,2006 Winter,2006,Winter
Q7500832,2004 Summer,2004,Summer
Q1222251,1992 Winter,1992,Winter
Q6303859,1996 Summer,1996,Summer
Q2558792,2008 Summer,2008,Summer
Q18728,2010 Winter,2010,Winter
Q736527,2008 Summer,2008,Summer
Q24906792,2016 Summer,2016,Summer
Q7400344,2004 Summer,2004,Summer
Q3390067,1996 Summer,1996,Summer
Q22964444,1992 Summer,1992,Summer
Q4951843,2000 Summer,2000,Summer
Q1005262,2008 Summer,2008,Summer
Q2269694,2012 Summer,2012,Summer
Q30680433,1988 Summer,1988,Summer
Q2410252,2012 Summer,2012,Summer
Q847592,2008 Summer,2008,Summer
Q1222641,1988 Winter,1988,Winter
Q2269716,2012 Summer,2012,Summer
Q2634499,2004 Summer,2004,Summer
Q905715,2010 Winter,2010,Winter
Q936622,2004 Summer,2004,Summer
Q7400317,1996 Summer,1996,Summer
Q7400350,2004 Summer,2004,Summer
Q15052022,2014 Winter,2014,Winter
Q1426826,2000 Summer,2000,Summer
Q919242,2012 Summer,2012,Summer
Q901754,1992 Summer,1992,Summer
Q853040,2008 Summer,2008,Summer
Q1222257,1994 Winter,1994,Winter
Q919388,2012 Summer,2012,Summer
Q15056224,2014 Winter,2014,Winter
Q1005237,2008 Summer,2008,Summer
Q15055037,2014 Winter,2014,Winter
Q7500798,1996 Summer,1996,Summer
Q901122,1992 Summer,1992,Summer
Q2303578,2012 Summer,2012,Summer
Q1222203,1988 Winter,1988,Winter
Q853023,2008 Summer,2008,Summer
Q4786038,1988 Summer,1988,Summer
Q15055081,2014 Winter,2014,Winter
Q7674779,2000 Summer,2000,Summer
Q2451718,2012 Summer,2012,Summer
Q7656727,1988 Summer,1988,Summer
Q25396733,2016 Summer,2016,Summer
Q1005660,2008 Summer,2008,Summer
Q7500799,1996 Summer,1996,Summer
Q916724,2010 Winter,2010,Winter
Q1001497,2008 Summer,2008,Summer
Q2268100,2012 Summer,2012,Summer
Q1005434,2012 Summer,2012,Summer
Q917743,2006 Winter,2006,Winter
Q15055079,2014 Winter,2014,Winter
Q1360804,2008 Summer,2008,Summer
Q1222176,2002 Winter,2002,Winter
Q2723756,2004 Summer,2004,Summer
Q963453,1996 Summer,1996,Summer
Q1222165,1992 Winter,1992,Winter
Q2390636,2012 Summer,2012,Summer
Q767959,2012 Summer,2012,Summer
Q683164,2008 Summer,2008,Summer
Q2380135,2012 Summer,2012,Summer
Q339188,1992 Winter,1992,Winter
Q3499941,1988 Summer,1988,Summer
Q241789,2012 Summer,2012,Summer
Q1222108,1998 Winter,1998,Winter
Q7656716,1988 Summer,1988,Summer
Q15055001,2014 Winter,2014,Winter
Q947678,2008 Summer,2008,Summer
Q1005606,2008 Summer,2008,Summer
Q7656720,1988 Summer,1988,Summer
Q782722,2012 Summer,2012,Summer
Q3498614,1992 Summer,1992,Summer
Q275887,1996 Summer,1996,Summer
Q15021060,2014 Winter,2014,Winter
Q7656713,1988 Summer,1988,Summer
Q1221812,1998 Winter,1998,Winter
Q6303882,2000 Summer,2000,Summer
Q220386,2010 Winter,2010,Winter
Q938791,2010 Winter,2010,Winter
Q1005363,2008 Summer,2008,Summer
Q7400316,1996 Summer,1996,Summer
Q1005614,2008 Summer,2008,Summer
Q7500834,2004 Summer,2004,Summer
Q927660,1996 Summer,1996,Summer
Q629871,2006 Winter,2006,Winter
Q848278,2008 Summer,2008,Summer
Q916711,2010 Winter,2010,Winter
Q2196657,2012 Summer,2012,Summer
Q15056222,2014 Winter,2014,Winter
Q1222134,1992 Winter,1992,Winter
Q1346374,2008 Summer,2008,Summer
Q903439,2008 Summer,2008,Summer
Q25455359,2016 Summer,2016,Summer
Q905555,2012 Summer,2012,Summer
Q727488,2008 Summer,2008,Summer
Q1222209,1992 Winter,1992,Winter
Q2353509,2012 Summer,2012,Summer
Q15052019,2014 Winter,2014,Winter
Q531844,2006 Winter,2006,Winter
Q1004896,2008 Summer,2008,Summer
Q1222646,1998 Winter,1998,Winter
Q916771,2010 Winter,2010,Winter
Q276040,1996 Summer,1996,Summer
Q905659,2010 Winter,2010,Winter
Q1222066,2002 Winter,2002,Winter
Q7979973,1992 Summer,1992,Summer
Q25386262,2016 Summer,2016,Summer
Q31843481,1988 Summer,1988,Summer
Q7500753,1988 Summer,1988,Summer
Q938779,2010 Winter,2010,Winter
Q7400318,1996 Summer,1996,Summer
Q7656726,1988 Summer,1988,Summer
Q3498949,1992 Summer,1992,Summer
Q1426670,1996 Summer,1996,Summer
Q1433072,2004 Summer,2004,Summer
Q280553,2002 Winter,2002,Winter
Q15052014,2014 Winter,2014,Winter
Q7500838,2004 Summer,2004,Summer
Q1432033,2000 Summer,2000,Summer
Q7500750,1988 Summer,1988,Summer
Q850209,2006 Winter,2006,Winter
Q7500804,1996 Summer,1996,Summer
Q7400335,2000 Summer,2000,Summer
Q7674778,2000 Summer,2000,Summer
Q917760,2006 Winter,2006,Winter
Q7400322,1996 Summer,1996,Summer
Q15055011,2014 Winter,2014,Winter
Q750803,2002 Winter,2002,Winter
Q942846,1996 Summer,1996,Summer
Q7674788,2004 Summer,2004,Summer
Q4951837,2000 Summer,2000,Summer
Q1202903,2008 Summer,2008,Summer
Q4786045,1992 Summer,1992,Summer
Q850196,2006 Winter,2006,Winter
Q15055087,2014 Winter,2014,Winter
Q302701,2006 Winter,2006,Winter
Q7979969,1992 Summer,1992,Summer
Q776835,2010 Winter,2010,Winter
Q6303889,2000 Summer,2000,Summer
Q7500807,2000 Summer,2000,Summer
Q4951842,2000 Summer,2000,Summer
Q1339098,2012 Summer,2012,Summer
Q946243,2002 Winter,2002,Winter
Q7500814,2000 Summer,2000,Summer
Q843860,2010 Winter,2010,Winter
Q220866,2008 Summer,2008,Summer
Q1222238,2002 Winter,2002,Winter
Q830711,2008 Summer,2008,Summer
Q25384919,2016 Summer,2016,Summer
Q1426809,2000 Summer,2000,Summer
Q905561,2010 Winter,2010,Winter
Q3499898,1988 Summer,1988,Summer
Q4471528,2008 Summer,2008,Summer
Q853049,2008 Summer,2008,Summer
Q2362858,2012 Summer,2012,Summer
Q784131,2008 Summer,2008,Summer
Q1202770,2008 Summer,2008,Summer
Q7400332,2000 Summer,2000,Summer
Q853072,2008 Summer,2008,Summer
Q1222080,1988 Winter,1988,Winter
Q1004892,2008 Summer,2008,Summer
Q1005294,2008 Summer,2008,Summer
Q1222173,1994 Winter,1994,Winter
Q4951841,2000 Summer,2000,Summer
Q1222255,1988 Winter,1988,Winter
Q962842,2008 Summer,2008,Summer
Q977229,2008 Summer,2008,Summer
Q1222483,2002 Winter,2002,Winter
Q963481,1996 Summer,1996,Summer
Q1221867,2002 Winter,2002,Winter
Q5198382,1992 Summer,1992,Summer
Q7656719,1988 Summer,1988,Summer
Q1222287,2002 Winter,2002,Winter
Q7400349,2004 Summer,2004,Summer
Q532360,1994 Winter,1994,Winter
Q826846,2002 Winter,2002,Winter
Q15055072,2014 Winter,2014,Winter
Q766954,2008 Summer,2008,Summer
Q527985,2000 Summer,2000,Summer
Q4951845,2000 Summer,2000,Summer
Q1005040,2008 Summer,2008,Summer
Q757054,2008 Summer,2008,Summer
Q1005230,2008 Summer,2008,Summer
Q2521952,2012 Summer,2012,Summer
Q7979975,1992 Summer,1992,Summer
Q28402472,1996 Summer,1996,Summer
Q754844,2008 Summer,2008,Summer
Q7674780,2000 Summer,2000,Summer
Q934172,2012 Summer,2012,Summer
Q1360866,2008 Summer,2008,Summer
Q848689,2010 Winter,2010,Winter
Q15055085,2014 Winter,2014,Winter
Q1222526,1992 Winter,1992,Winter
Q15055980,2014 Winter,2014,Winter
Q3498926,1992 Summer,1992,Summer
Q972253,2012 Summer,2012,Summer
Q647742,2000 Summer,2000,Summer
Q15055031,2014 Winter,2014,Winter
Q1005298,2012 Summer,2012,Summer
Q2322860,2008 Summer,2008,Summer
Q952970,2002 Winter,2002,Winter
Q7674777,2000 Summer,2000,Summer
Q4786042,1992 Summer,1992,Summer
Q765044,2006 Winter,2006,Winter
Q841942,2010 Winter,2010,Winter
Q7400346,2004 Summer,2004,Summer
Q647750,2000 Summer,2000,Summer
Q7500821,2000 Summer,2000,Summer
Q7400333,2000 Summer,2000,Summer
Q1222639,1992 Winter,1992,Winter
Q4786037,1988 Summer,1988,Summer
Q793973,2000 Summer,2000,Summer
Q827019,2006 Winter,2006,Winter
Q2352412,2012 Summer,2012,Summer
Q4951844,2000 Summer,2000,Summer
Q938164,2010 Winter,2010,Winter
Q763031,2008 Summer,2008,Summer
Q3001405,1996 Summer,1996,Summer
Q905485,2010 Winter,2010,Winter
Q25384917,2016 Summer,2016,Summer
Q4786044,1992 Summer,1992,Summer
Q1221932,1994 Winter,1994,Winter
Q963420,2008 Summer,2008,Summer
Q2774005,2000 Summer,2000,Summer
Q7674790,2004 Summer,2004,Summer
Q1222098,1994 Winter,1994,Winter
Q632472,2000 Summer,2000,Summer
Q915058,2006 Winter,2006,Winter
Q15056267,2014 Winter,2014,Winter
Q7500745,1988 Summer,1988,Summer
Q2361588,2012 Summer,2012,Summer
Q1203058,2008 Summer,2008,Summer
Q1005018,2008 Summer,2008,Summer
Q1371783,2012 Summer,2012,Summer
Q632754,2000 Summer,2000,Summer
Q916916,2010 Winter,2010,Winter
Q7400329,2000 Summer,2000,Summer
Q939181,2010 Winter,2010,Winter
Q18713,2010 Winter,2010,Winter
Q7674781,2000 Summer,2000,Summer
Q7500817,2000 Summer,2000,Summer
Q6303879,2000 Summer,2000,Summer
Q848681,2010 Winter,2010,Winter
Q1221793,1994 Winter,1994,Winter
Q6303863,1996 Summer,1996,Summer
Q2353475,2012 Summer,2012,Summer
Q385563,2008 Summer,2008,Summer
Q1344366,2008 Summer,2008,Summer
Q729339,2008 Summer,2008,Summer
Q955943,1992 Summer,1992,Summer
Q659097,2008 Summer,2008,Summer
Q279234,1992 Winter,1992,Winter
Q955487,2008 Summer,2008,Summer
Q786799,2006 Winter,2006,Winter
Q536083,1996 Summer,1996,Summer
Q22964440,1992 Summer,1992,Summer
Q15056065,2014 Winter,2014,Winter
Q7674791,2004 Summer,2004,Summer
Q6303877,2000 Summer,2000,Summer
Q249265,2012 Summer,2012,Summer
Q7400321,1996 Summer,1996,Summer
Q7656722,1988 Summer,1988,Summer
Q2995946,1992 Summer,1992,Summer
Q25386279,2016 Summer,2016,Summer
Q658704,2008 Summer,2008,Summer
Q7500812,2000 Summer,2000,Summer
Q653672,2006 Winter,2006,Winter
Q1426702,2000 Summer,2000,Summer
Q15055002,2014 Winter,2014,Winter
Q7656681,1988 Summer,1988,Summer
Q886372,2004 Summer,2004,Summer
Q7500796,1996 Summer,1996,Summer
Q938765,2012 Summer,2012,Summer
Q7656697,1988 Summer,1988,Summer
Q140244,2008 Summer,2008,Summer
Q7400313,1992 Summer,1992,Summer
Q737732,2012 Summer,2012,Summer
Q4951838,2000 Summer,2000,Summer
Q7674792,2004 Summer,2004,Summer
Q15056223,2014 Winter,2014,Winter
Q645460,1988 Summer,1988,Summer
Q1221934,2002 Winter,2002,Winter
Q6303888,2000 Summer,2000,Summer
Q7400339,2004 Summer,2004,Summer
Q7656684,1988 Summer,1988,Summer
Q7656714,1988 Summer,1988,Summer
Q2297633,2012 Summer,2012,Summer
Q771123,2006 Winter,2006,Winter
Q3498666,1992 Summer,1992,Summer
Q5124014,1994 Winter,1994,Winter
Q1222498,1998 Winter,1998,Winter
Q7500801,1996 Summer,1996,Summer
Q4951848,2000 Summer,2000,Summer
Q4951847,2000 Summer,2000,Summer
Q15055032,2014 Winter,2014,Winter
Q875653,2000 Summer,2000,Summer
Q5395306,2004 Summer,2004,Summer
Q1222301,1998 Winter,1998,Winter
Q7656691,1988 Summer,1988,Summer
Q916976,2008 Summer,2008,Summer
Q916930,2012 Summer,2012,Summer
Q752413,2008 Summer,2008,Summer
Q900405,2004 Summer,2004,Summer
Q31843484,1988 Summer,1988,Summer
Q2268043,2012 Summer,2012,Summer
Q2254560,2012 Summer,2012,Summer
Q1221927,1992 Winter,1992,Winter
Q826560,2006 Winter,2006,Winter
Q1005272,2008 Summer,2008,Summer
Q670039,2010 Winter,2010,Winter
Q2332511,2012 Summer,2012,Summer
Q2455198,2008 Summer,2008,Summer
Q7400324,1996 Summer,1996,Summer
Q1221836,2002 Winter,2002,Winter
Q921100,2012 Summer,2012,Summer
Q847284,2006 Winter,2006,Winter
Q905540,2010 Winter,2010,Winter
Q848291,2008 Summer,2008,Summer
Q906854,2004 Summer,2004,Summer
Q7500751,1988 Summer,1988,Summer
Q7400347,2004 Summer,2004,Summer
Q7674776,2000 Summer,2000,Summer
Q922248,2008 Summer,2008,Summer
Q14643284,2014 Winter,2014,Winter
Q267771,2004 Summer,2004,Summer
Q905503,2010 Winter,2010,Winter
Q25386268,2016 Summer,2016,Summer
Q2353533,2012 Summer,2012,Summer
Q6303864,1996 Summer,1996,Summer
Q952458,1994 Winter,1994,Winter
Q15055075,2014 Winter,2014,Winter
Q5198390,2000 Summer,2000,Summer
Q15055038,2014 Winter,2014,Winter
Q916174,2012 Summer,2012,Summer
Q4951836,1996 Summer,1996,Summer
Q3498605,1992 Summer,1992,Summer
Q22964438,1992 Summer,1992,Summer
Q15055084,2014 Winter,2014,Winter
Q4786048,1996 Summer,1996,Summer
Q917328,2008 Summer,2008,Summer
Q4951840,2000 Summer,2000,Summer
Q1221875,1998 Winter,1998,Winter
Q4786050,1996 Summer,1996,Summer
Q1222214,1998 Winter,1998,Winter
Q942891,1988 Winter,1988,Winter
Q776870,1988 Winter,1988,Winter
Q1360834,2008 Summer,2008,Summer
Q938848,2012 Summer,2012,Summer
Q1004861,2008 Summer,2008,Summer
Q1221922,2002 Winter,2002,Winter
Q943291,2000 Summer,2000,Summer
Q927998,2006 Winter,2006,Winter
Q385894,2010 Winter,2010,Winter
Q677027,2008 Summer,2008,Summer
Q843851,2010 Winter,2010,Winter
Q15055035,2014 Winter,2014,Winter
Q4820134,2000 Summer,2000,Summer
Q4786051,1996 Summer,1996,Summer
Q7400330,2000 Summer,2000,Summer
Q2268082,2012 Summer,2012,Summer
Q15055025,2014 Winter,2014,Winter
Q794388,2000 Summer,2000,Summer
Q7656692,1988 Summer,1988,Summer
Q776944,1996 Summer,1996,Summer
Q7979971,1992 Summer,1992,Summer
Q1222133,1994 Winter,1994,Winter
Q31843476,1992 Summer,1992,Summer
Q7500836,2004 Summer,2004,Summer
Q1221798,2002 Winter,2002,Winter
Q2574045,2006 Winter,2006,Winter
Q3498697,1992 Summer,1992,Summer
Q2352927,2012 Summer,2012,Summer
Q921409,2010 Winter,2010,Winter
Q256759,2002 Winter,2002,Winter
Q2353523,2012 Summer,2012,Summer
Q848655,2010 Winter,2010,Winter
Q903679,2012 Summer,2012,Summer
Q2289605,2012 Summer,2012,Summer
Q525031,1998 Winter,1998,Winter
Q25386266,2016 Summer,2016,Summer
Q25384913,2016 Summer,2016,Summer
Q7979983,1996 Summer,1996,Summer
Q2341653,2008 Summer,2008,Summer
Q905607,2010 Winter,2010,Winter
Q847280,2006 Winter,2006,Winter
Q1222635,2002 Winter,2002,Winter
Q947691,2008 Summer,2008,Summer
Q1222014,2002 Winter,2002,Winter
Q4786058,2000 Summer,2000,Summer
Q1221877,1994 Winter,1994,Winter
Q1221943,1992 Winter,1992,Winter
Q826580,2006 Winter,2006,Winter
Q7500829,2004 Summer,2004,Summer
Q3499058,1992 Summer,1992,Summer
Q916747,2010 Winter,2010,Winter
Q7500849,2004 Summer,2004,Summer
Q5198388,2000 Summer,2000,Summer
Q3498573,1992 Summer,1992,Summer
Q1222488,1992 Winter,1992,Winter
Q919261,2012 Summer,2012,Summer
Q7400323,1996 Summer,1996,Summer
Q7400327,2000 Summer,2000,Summer
Q886359,2000 Summer,2000,Summer
Q3001408,1996 Summer,1996,Summer
Q3879624,1996 Summer,1996,Summer
Q25803,1996 Summer,1996,Summer
Q8037964,2000 Summer,2000,Summer
Q3879652,1992 Summer,1992,Summer
Q3811011,2004 Summer,2004,Summer
Q5443156,2000 Summer,2000,Summer
Q3879619,1996 Summer,1996,Summer
Q1004918,2002 Winter,2002,Winter
Q1005749,1998 Winter,1998,Winter
Q3879623,1996 Summer,1996,Summer
Q3998590,2000 Summer,2000,Summer
Q3628689,1988 Summer,1988,Summer
Q3628678,1988 Summer,1988,Summer
Q3628682,1988 Summer,1988,Summer
Q7500779,1992 Summer,1992,Summer
Q1004860,2006 Winter,2006,Winter
Q10572415,1992 Summer,1992,Summer
Q3951953,2004 Summer,2004,Summer
Q10572416,1988 Summer,1988,Summer
Q5443153,2000 Summer,2000,Summer
Q1005277,2002 Winter,2002,Winter
Q3628765,2000 Summer,2000,Summer
Q8037927,1996 Summer,1996,Summer
Q8037900,1988 Summer,1988,Summer
Q3879615,1996 Summer,1996,Summer
Q10522584,1988 Summer,1988,Summer
Q10466379,1992 Summer,1992,Summer
Q10522549,1996 Summer,1996,Summer
Q1005744,1988 Winter,1988,Winter
Q10522555,1996 Summer,1996,Summer
Q129295,1996 Summer,1996,Summer
Q1422131,1996 Summer,1996,Summer
Q5443144,1988 Summer,1988,Summer
Q1028699,2004 Summer,2004,Summer
Q3837513,2004 Summer,2004,Summer
Q3879643,1992 Summer,1992,Summer
Q1076253,2000 Summer,2000,Summer
Q25791,1996 Summer,1996,Summer
Q38591,1992 Summer,1992,Summer
Q3879653,1992 Summer,1992,Summer
Q5443138,1988 Summer,1988,Summer
Q1004914,1994 Winter,1994,Winter
Q1004868,1998 Winter,1998,Winter
Q10522554,1988 Summer,1988,Summer
Q1409048,1992 Summer,1992,Summer
Q3879625,1996 Summer,1996,Summer
Q2297686,1996 Summer,1996,Summer
Q1408913,1992 Summer,1992,Summer
Q7500771,1992 Summer,1992,Summer
Q587012,2004 Summer,2004,Summer
Q1408709,1992 Summer,1992,Summer
Q2311876,1996 Summer,1996,Summer
Q3628696,1988 Summer,1988,Summer
Q3837511,2004 Summer,2004,Summer
Q3879664,1992 Summer,1992,Summer
Q3879579,2004 Summer,2004,Summer
Q7500774,1992 Summer,1992,Summer
Q1005740,2006 Winter,2006,Winter
Q1005810,1998 Winter,1998,Winter
Q5443137,1988 Summer,1988,Summer
Q10495989,1992 Summer,1992,Summer
Q1222684,2002 Winter,2002,Winter
Q3628786,2000 Summer,2000,Summer
Q7980004,2000 Summer,2000,Summer
Q3837512,2004 Summer,2004,Summer
Q4160921,1988 Summer,1988,Summer
Q13655354,1988 Summer,1988,Summer
Q3879621,1996 Summer,1996,Summer
Q3879645,1992 Summer,1992,Summer
Q10581226,1988 Summer,1988,Summer
Q3879650,1992 Summer,1992,Summer
Q3879610,1996 Summer,1996,Summer
Q3628781,2000 Summer,2000,Summer
Q7979994,2000 Summer,2000,Summer
Q988363,1994 Winter,1994,Winter
Q4443763,2000 Summer,2000,Summer
Q25239316,1988 Summer,1988,Summer
Q1222715,1994 Winter,1994,Winter
Q3879646,1992 Summer,1992,Summer
Q3628761,2000 Summer,2000,Summer
Q1005069,1998 Winter,1998,Winter
Q8037958,2000 Summer,2000,Summer
Q4467907,2000 Summer,2000,Summer
Q1004927,1992 Winter,1992,Winter
Q3879658,1992 Summer,1992,Summer
Q1406131,1988 Summer,1988,Summer
Q825048,2006 Winter,2006,Winter
Q3925465,2004 Summer,2004,Summer
Q823754,2002 Winter,2002,Winter
Q3837507,2004 Summer,2004,Summer
Q613746,2004 Summer,2004,Summer
Q2303728,1992 Summer,1992,Summer
Q1133965,1996 Summer,1996,Summer
Q2303535,1992 Summer,1992,Summer
Q2313511,2004 Summer,2004,Summer
Q1042778,2006 Winter,2006,Winter
Q7500789,1996 Summer,1996,Summer
Q1004987,1994 Winter,1994,Winter
Q4443764,2000 Summer,2000,Summer
Q3565567,1988 Summer,1988,Summer
Q3628775,2000 Summer,2000,Summer
Q1042789,2006 Winter,2006,Winter
Q2445057,2004 Summer,2004,Summer
Q7980002,2000 Summer,2000,Summer
Q10466402,1996 Summer,1996,Summer
Q7500772,1992 Summer,1992,Summer
Q1005190,1998 Winter,1998,Winter
Q1005188,1992 Winter,1992,Winter
Q3811003,2004 Summer,2004,Summer
Q585893,2006 Winter,2006,Winter
Q8037907,1992 Summer,1992,Summer
Q2313481,2004 Summer,2004,Summer
Q7500793,1996 Summer,1996,Summer
Q10572441,1996 Summer,1996,Summer
Q10719576,1992 Summer,1992,Summer
Q10466376,1996 Summer,1996,Summer
Q8037959,2000 Summer,2000,Summer
Q7980001,2000 Summer,2000,Summer
Q10522543,1992 Summer,1992,Summer
Q1005755,1994 Winter,1994,Winter
Q10466381,2000 Summer,2000,Summer
Q38594,1992 Summer,1992,Summer
Q251465,2006 Winter,2006,Winter
Q3879620,1996 Summer,1996,Summer
Q7500788,1996 Summer,1996,Summer
Q8037930,1996 Summer,1996,Summer
Q8037934,1996 Summer,1996,Summer
Q2377414,1988 Summer,1988,Summer
Q3628705,1988 Summer,1988,Summer
Q2318836,2004 Summer,2004,Summer
Q3879667,1992 Summer,1992,Summer
Q3879614,1996 Summer,1996,Summer
Q1115025,2004 Summer,2004,Summer
Q3879585,2000 Summer,2000,Summer
Q58412558,1992 Summer,1992,Summer
Q3565575,1988 Summer,1988,Summer
Q10522535,1992 Summer,1992,Summer
Q22964454,1996 Summer,1996,Summer
Q825035,2006 Winter,2006,Winter
Q5970589,1988 Summer,1988,Summer
Q3980076,2004 Summer,2004,Summer
Q5448039,1994 Winter,1994,Winter
Q1408881,1992 Summer,1992,Summer
Q589310,2000 Summer,2000,Summer
Q1005616,1992 Winter,1992,Winter
Q1222717,1998 Winter,1998,Winter
Q3879598,2000 Summer,2000,Summer
Q1076376,2000 Summer,2000,Summer
Q1004934,1998 Winter,1998,Winter
Q3879567,2004 Summer,2004,Summer
Q7500786,1996 Summer,1996,Summer
Q1005334,1998 Winter,1998,Winter
Q1421749,2004 Summer,2004,Summer
Q8037908,1992 Summer,1992,Summer
Q595055,2000 Summer,2000,Summer
Q252875,1988 Winter,1988,Winter
Q8037965,2000 Summer,2000,Summer
Q3879600,2000 Summer,2000,Summer
Q3628692,1988 Summer,1988,Summer
Q1408936,1992 Summer,1992,Summer
Q3628764,2000 Summer,2000,Summer
Q1005746,1994 Winter,1994,Winter
Q1004871,1998 Winter,1998,Winter
Q826510,2002 Winter,2002,Winter
Q7500777,1992 Summer,1992,Summer
Q1005365,2004 Summer,2004,Summer
Q1026904,1992 Summer,1992,Summer
Q25239314,1988 Summer,1988,Summer
Q4160924,2000 Summer,2000,Summer
Q3628782,2000 Summer,2000,Summer
Q3561230,1992 Summer,1992,Summer
Q570058,2004 Summer,2004,Summer
Q478542,2006 Winter,2006,Winter
Q3879662,1992 Summer,1992,Summer
Q3879607,1996 Summer,1996,Summer
Q3628785,2000 Summer,2000,Summer
Q824928,2006 Winter,2006,Winter
Q10466403,1992 Summer,1992,Summer
Q1130659,2004 Summer,2004,Summer
Q5644525,2002 Winter,2002,Winter
Q1183979,2004 Summer,2004,Summer
Q10466384,1996 Summer,1996,Summer
Q599322,2004 Summer,2004,Summer
Q3879583,2004 Summer,2004,Summer
Q3879651,1992 Summer,1992,Summer
Q3879608,1996 Summer,1996,Summer
Q3879593,2000 Summer,2000,Summer
Q3628686,1988 Summer,1988,Summer
Q4443765,2000 Summer,2000,Summer
Q3628680,1988 Summer,1988,Summer
Q3879569,2004 Summer,2004,Summer
Q3628770,2000 Summer,2000,Summer
Q1004926,1988 Winter,1988,Winter
Q5443136,1988 Summer,1988,Summer
Q7500785,1996 Summer,1996,Summer
Q8037923,1996 Summer,1996,Summer
Q1408927,1992 Summer,1992,Summer
Q8037919,1996 Summer,1996,Summer
Q2557141,2004 Summer,2004,Summer
Q4160925,2000 Summer,2000,Summer
Q3628703,1988 Summer,1988,Summer
Q8037924,1996 Summer,1996,Summer
Q1004869,1992 Winter,1992,Winter
Q370917,2004 Summer,2004,Summer
Q562654,1988 Summer,1988,Summer
Q8037913,1996 Summer,1996,Summer
Q7500784,1996 Summer,1996,Summer
Q8037937,1996 Summer,1996,Summer
Q8037922,1996 Summer,1996,Summer
Q1005313,2002 Winter,2002,Winter
Q3628704,1988 Summer,1988,Summer
Q826500,1994 Winter,1994,Winter
Q10522577,1996 Summer,1996,Summer
Q10522587,1988 Summer,1988,Summer
Q587805,2006 Winter,2006,Winter
Q8037926,1996 Summer,1996,Summer
Q1005371,2002 Winter,2002,Winter
Q1222712,1992 Winter,1992,Winter
Q4354074,2004 Summer,2004,Summer
Q8037917,1996 Summer,1996,Summer
Q3879628,1996 Summer,1996,Summer
Q10522589,1988 Summer,1988,Summer
Q25939,1996 Summer,1996,Summer
Q1422103,1996 Summer,1996,Summer
Q3628792,1996 Summer,1996,Summer
Q1005284,1988 Winter,1988,Winter
Q3730943,2004 Summer,2004,Summer
Q1076363,2000 Summer,2000,Summer
Q7979997,2000 Summer,2000,Summer
Q3837496,2004 Summer,2004,Summer
Q1005211,1988 Winter,1988,Winter
Q1005811,1998 Winter,1998,Winter
Q3565605,1988 Summer,1988,Summer
Q1005575,1994 Winter,1994,Winter
Q1377439,2004 Summer,2004,Summer
Q2463752,2004 Summer,2004,Summer
Q3925468,2004 Summer,2004,Summer
Q1005065,1992 Winter,1992,Winter
Q3879761,2004 Summer,2004,Summer
Q13572928,1996 Summer,1996,Summer
Q1005801,2006 Winter,2006,Winter
Q3628772,2000 Summer,2000,Summer
Q2318914,2004 Summer,2004,Summer
Q1005571,1988 Winter,1988,Winter
Q5403447,1988 Summer,1988,Summer
Q1004961,1992 Winter,1992,Winter
Q3879632,1996 Summer,1996,Summer
Q7979995,2000 Summer,2000,Summer
Q22964453,1996 Summer,1996,Summer
Q562647,1988 Summer,1988,Summer
Q1074316,2000 Summer,2000,Summer
Q3837498,2004 Summer,2004,Summer
Q8037960,2000 Summer,2000,Summer
Q256529,2006 Winter,2006,Winter
Q1005286,1992 Winter,1992,Winter
Q2557677,2004 Summer,2004,Summer
Q7500761,1992 Summer,1992,Summer
Q1408888,1992 Summer,1992,Summer
Q3879626,1996 Summer,1996,Summer
Q10572465,1996 Summer,1996,Summer
Q10426127,1992 Summer,1992,Summer
Q3879611,1996 Summer,1996,Summer
Q3879617,1996 Summer,1996,Summer
Q3628774,2000 Summer,2000,Summer
Q1005731,2002 Winter,2002,Winter
Q1004964,1994 Winter,1994,Winter
Q3628783,2000 Summer,2000,Summer
Q3628702,1988 Summer,1988,Summer
Q988370,1998 Winter,1998,Winter
Q5443151,2000 Summer,2000,Summer
Q3879635,1996 Summer,1996,Summer
Q3837500,2004 Summer,2004,Summer
Q1222721,1998 Winter,1998,Winter
Q10497007,1988 Summer,1988,Summer
Q1076295,2000 Summer,2000,Summer
Q12808128,1996 Summer,1996,Summer
Q22964459,1996 Summer,1996,Summer
Q3628752,2004 Summer,2004,Summer
Q3879654,1992 Summer,1992,Summer
Q25800,1996 Summer,1996,Summer
Q38601,1992 Summer,1992,Summer
Q384008,2004 Summer,2004,Summer
Q3628691,1988 Summer,1988,Summer
Q3628698,1988 Summer,1988,Summer
Q3565736,1988 Summer,1988,Summer
Q3879589,2000 Summer,2000,Summer
Q2303677,1992 Summer,1992,Summer
Q988374,1992 Winter,1992,Winter
Q3628694,1988 Summer,1988,Summer
Q3628754,2004 Summer,2004,Summer
Q3628710,1992 Summer,1992,Summer
Q1005155,1988 Winter,1988,Winter
Q3899247,2000 Summer,2000,Summer
Q3837508,2004 Summer,2004,Summer
Q3628777,2000 Summer,2000,Summer
Q3628685,1988 Summer,1988,Summer
Q8037969,2000 Summer,2000,Summer
Q1005189,2002 Winter,2002,Winter
Q4160922,2000 Summer,2000,Summer
Q1004936,1994 Winter,1994,Winter
Q255955,1994 Winter,1994,Winter
Q8037967,2000 Summer,2000,Summer
Q1004968,2002 Winter,2002,Winter
Q2313564,2004 Summer,2004,Summer
Q3879588,2000 Summer,2000,Summer
Q3561235,1992 Summer,1992,Summer
Q823663,2006 Winter,2006,Winter
Q3628763,2000 Summer,2000,Summer
Q988367,2002 Winter,2002,Winter
Q1005804,1988 Winter,1988,Winter
Q7980006,2000 Summer,2000,Summer
Q3879573,2004 Summer,2004,Summer
Q577507,1988 Winter,1988,Winter
Q3899244,1988 Summer,1988,Summer
Q1421581,2004 Summer,2004,Summer
Q8037902,1992 Summer,1992,Summer
Q1005572,1992 Winter,1992,Winter
Q5443140,1988 Summer,1988,Summer
Q1409055,1992 Summer,1992,Summer
Q10466383,1992 Summer,1992,Summer
Q10572431,1992 Summer,1992,Summer
Q3879616,1996 Summer,1996,Summer
Q3899249,1992 Summer,1992,Summer
Q1005328,1988 Winter,1988,Winter
Q3879602,2000 Summer,2000,Summer
Q3879604,2000 Summer,2000,Summer
Q3628690,1988 Summer,1988,Summer
Q1005187,1998 Winter,1998,Winter
Q825731,2006 Winter,2006,Winter
Q2313552,2004 Summer,2004,Summer
Q3879595,2000 Summer,2000,Summer
Q22964458,1996 Summer,1996,Summer
Q4467905,2000 Summer,2000,Summer
Q10426128,1988 Summer,1988,Summer
Q3628687,1988 Summer,1988,Summer
Q8037974,2000 Summer,2000,Summer
Q2311975,2004 Summer,2004,Summer
Q1005331,1992 Winter,1992,Winter
Q3925463,2004 Summer,2004,Summer
Q825222,2002 Winter,2002,Winter
Q825088,2006 Winter,2006,Winter
Q988361,1992 Winter,1992,Winter
Q4467910,2000 Summer,2000,Summer
Q1156252,1900 Summer,1900,Summer
Q1005158,1998 Winter,1998,Winter
Q3811001,2004 Summer,2004,Summer
Q3925469,2004 Summer,2004,Summer
Q1005808,1994 Winter,1994,Winter
Q10497009,1996 Summer,1996,Summer
Q1005108,2002 Winter,2002,Winter
Q3879562,2004 Summer,2004,Summer
Q8037956,2000 Summer,2000,Summer
Q822588,2004 Summer,2004,Summer
Q2312004,2004 Summer,2004,Summer
Q3879630,1996 Summer,1996,Summer
Q10684072,1988 Summer,1988,Summer
Q10522572,1996 Summer,1996,Summer
Q1005351,2002 Winter,2002,Winter
Q5443142,1988 Summer,1988,Summer
Q3879668,1992 Summer,1992,Summer
Q10466392,1992 Summer,1992,Summer
Q3837518,2004 Summer,2004,Summer
Q3879594,2000 Summer,2000,Summer
Q3628708,1988 Summer,1988,Summer
Q1076347,2000 Summer,2000,Summer
Q8037915,1996 Summer,1996,Summer
Q10466400,1988 Summer,1988,Summer
Q3628683,1988 Summer,1988,Summer
Q1004965,1998 Winter,1998,Winter
Q1005617,1994 Winter,1994,Winter
Q2558525,2004 Summer,2004,Summer
Q38410,1992 Summer,1992,Summer
Q3811009,2004 Summer,2004,Summer
Q1069209,2006 Winter,2006,Winter
Q1408901,1992 Summer,1992,Summer
Q22964457,1996 Summer,1996,Summer
Q8037906,1992 Summer,1992,Summer
Q988372,1994 Winter,1994,Winter
Q3628709,1988 Summer,1988,Summer
Q3811005,2004 Summer,2004,Summer
Q2328217,2000 Summer,2000,Summer
Q4088890,1994 Winter,1994,Winter
Q3628766,2000 Summer,2000,Summer
Q8037901,1992 Summer,1992,Summer
Q3879633,1996 Summer,1996,Summer
Q10684073,1992 Summer,1992,Summer
Q3879596,2000 Summer,2000,Summer
Q2311908,2000 Summer,2000,Summer
Q3500417,1988 Summer,1988,Summer
Q1004913,1992 Winter,1992,Winter
Q22964456,1996 Summer,1996,Summer
Q4088891,1994 Winter,1994,Winter
Q1004989,1992 Winter,1992,Winter
Q10572423,1996 Summer,1996,Summer
Q1076244,2000 Summer,2000,Summer
Q10581228,1992 Summer,1992,Summer
Q3899246,2000 Summer,2000,Summer
Q1005621,2002 Winter,2002,Winter
Q988359,1988 Winter,1988,Winter
Q3500407,1988 Summer,1988,Summer
Q3879581,2004 Summer,2004,Summer
Q3879564,2004 Summer,2004,Summer
Q1408869,1992 Summer,1992,Summer
Q1408852,1992 Summer,1992,Summer
Q3628679,1988 Summer,1988,Summer
Q10706346,1988 Summer,1988,Summer
Q8037929,1996 Summer,1996,Summer
Q1141105,2004 Summer,2004,Summer
Q1005157,1992 Winter,1992,Winter
Q1408920,1992 Summer,1992,Summer
Q1004870,1994 Winter,1994,Winter
Q3837497,2004 Summer,2004,Summer
Q3837499,2004 Summer,2004,Summer
Q3837505,2004 Summer,2004,Summer
Q3879627,1996 Summer,1996,Summer
Q824919,2006 Winter,2006,Winter
Q8037932,1996 Summer,1996,Summer
Q8037918,1996 Summer,1996,Summer
Q541316,1988 Winter,1988,Winter
Q2311887,2000 Summer,2000,Summer
Q4160927,2000 Summer,2000,Summer
Q1005292,1994 Winter,1994,Winter
Q3879580,2004 Summer,2004,Summer
Q3879561,2004 Summer,2004,Summer
Q7500758,1992 Summer,1992,Summer
Q824803,2006 Winter,2006,Winter
Q1005214,1998 Winter,1998,Winter
Q10522594,1996 Summer,1996,Summer
Q4354615,2004 Summer,2004,Summer
Q7979985,1996 Summer,1996,Summer
Q1423968,1996 Summer,1996,Summer
Q2426715,2000 Summer,2000,Summer
Q7979988,1996 Summer,1996,Summer
Q3811004,2004 Summer,2004,Summer
Q1004928,1994 Winter,1994,Winter
Q988351,2002 Winter,2002,Winter
Q3879629,1996 Summer,1996,Summer
Q2312939,2004 Summer,2004,Summer
Q3811006,2004 Summer,2004,Summer
Q38605,1992 Summer,1992,Summer
Q1004924,2006 Winter,2006,Winter
Q2310230,2004 Summer,2004,Summer
Q3879642,1992 Summer,1992,Summer
Q25784,1996 Summer,1996,Summer
Q10466389,1992 Summer,1992,Summer
Q1005557,2002 Winter,2002,Winter
Q3925471,2004 Summer,2004,Summer
Q826487,2002 Winter,2002,Winter
Q3879613,1996 Summer,1996,Summer
Q825058,2006 Winter,2006,Winter
Q3879574,2004 Summer,2004,Summer
Q3980074,2004 Summer,2004,Summer
Q3879656,1992 Summer,1992,Summer
Q5443145,1988 Summer,1988,Summer
Q3811007,2004 Summer,2004,Summer
Q10522575,1992 Summer,1992,Summer
Q3951952,2004 Summer,2004,Summer
Q3628699,1988 Summer,1988,Summer
Q3628759,2000 Summer,2000,Summer
Q1408856,1992 Summer,1992,Summer
Q10522548,1992 Summer,1992,Summer
Q25782,1996 Summer,1996,Summer
Q10572432,1988 Summer,1988,Summer
Q2558983,2004 Summer,2004,Summer
Q3879565,2004 Summer,2004,Summer
Q10466371,1992 Summer,1992,Summer
Q2313443,2004 Summer,2004,Summer
Q376518,2002 Winter,2002,Winter
Q2557129,2004 Summer,2004,Summer
Q1005643,1998 Winter,1998,Winter
Q1005782,2002 Winter,2002,Winter
Q579346,2000 Summer,2000,Summer
Q3998587,2004 Summer,2004,Summer
Q25780,1996 Summer,1996,Summer
Q8037962,2000 Summer,2000,Summer
Q3628776,2000 Summer,2000,Summer
Q3925462,2004 Summer,2004,Summer
Q8037914,1996 Summer,1996,Summer
Q8037957,2000 Summer,2000,Summer
Q7500762,1992 Summer,1992,Summer
Q3837510,2004 Summer,2004,Summer
Q1222713,1988 Winter,1988,Winter
Q823194,2006 Winter,2006,Winter
Q10522593,1992 Summer,1992,Summer
Q3628688,1988 Summer,1988,Summer
Q25793,1996 Summer,1996,Summer
Q1005374,1998 Winter,1998,Winter
Q1004937,1998 Winter,1998,Winter
Q1110152,2004 Summer,2004,Summer
Q8037928,1996 Summer,1996,Summer
Q1424018,1996 Summer,1996,Summer
Q13583141,2004 Summer,2004,Summer
Q1005047,1998 Winter,1998,Winter
Q1005741,2002 Winter,2002,Winter
Q10495988,1988 Summer,1988,Summer
Q1304082,2000 Summer,2000,Summer
Q1074357,2000 Summer,2000,Summer
Q3879634,1996 Summer,1996,Summer
Q8037916,1996 Summer,1996,Summer
Q10719575,1996 Summer,1996,Summer
Q10581227,1996 Summer,1996,Summer
Q2558493,2004 Summer,2004,Summer
Q1005041,1988 Winter,1988,Winter
Q8037903,1988 Summer,1988,Summer
Q22964455,1996 Summer,1996,Summer
Q591555,2002 Winter,2002,Winter
Q3628779,2000 Summer,2000,Summer
Q3628697,1988 Summer,1988,Summer
Q3628684,1988 Summer,1988,Summer
Q2443986,2004 Summer,2004,Summer
Q4443767,2000 Summer,2000,Summer
Q11883936,1988 Summer,1988,Summer
Q3925466,2004 Summer,2004,Summer
Q370863,2004 Summer,2004,Summer
Q3991750,2004 Summer,2004,Summer
Q10706347,1992 Summer,1992,Summer
Q8037970,2000 Summer,2000,Summer
Q55615395,1988 Summer,1988,Summer
Q8037909,1992 Summer,1992,Summer
Q10572462,1988 Summer,1988,Summer
Q3879587,2000 Summer,2000,Summer
Q38407,1992 Summer,1992,Summer
Q605663,2006 Winter,2006,Winter
Q988348,1998 Winter,1998,Winter
Q38599,1992 Summer,1992,Summer
Q3811013,2004 Summer,2004,Summer
Q1405425,1988 Summer,1988,Summer
Q1005042,1992 Winter,1992,Winter
Q1005124,1994 Winter,1994,Winter
Q1005133,1998 Winter,1998,Winter
Q25795,1996 Summer,1996,Summer
Q4357642,2004 Summer,2004,Summer
Q2308435,1996 Summer,1996,Summer
Q3837506,2004 Summer,2004,Summer
Q4160923,2000 Summer,2000,Summer
Q1005213,1992 Winter,1992,Winter
Q10572439,1992 Summer,1992,Summer
Q7979998,2000 Summer,2000,Summer
Q10572421,1988 Summer,1988,Summer
Q7500782,1996 Summer,1996,Summer
Q3879669,1992 Summer,1992,Summer
Q826529,2002 Winter,2002,Winter
Q1005639,1988 Winter,1988,Winter
Q3998589,2004 Summer,2004,Summer
Q3561232,1996 Summer,1996,Summer
Q1005103,1998 Winter,1998,Winter
Q8037955,2000 Summer,2000,Summer
Q3837504,2004 Summer,2004,Summer
Q10522553,1992 Summer,1992,Summer
Q3879622,1996 Summer,1996,Summer
Q10609400,2004 Summer,2004,Summer
Q2311149,2000 Summer,2000,Summer
Q3811000,2004 Summer,2004,Summer
Q7500768,1992 Summer,1992,Summer
Q1005172,2006 Winter,2006,Winter
Q25798,1996 Summer,1996,Summer
Q3628791,1996 Summer,1996,Summer
Q3628780,2000 Summer,2000,Summer
Q3879563,2004 Summer,2004,Summer
Q5443139,1988 Summer,1988,Summer
Q1408906,1992 Summer,1992,Summer
Q13424670,2000 Summer,2000,Summer
Q3879641,1992 Summer,1992,Summer
Q2526348,2000 Summer,2000,Summer
Q1408846,1992 Summer,1992,Summer
Q1076288,2000 Summer,2000,Summer
Q7500760,1988 Summer,1988,Summer
Q582514,2004 Summer,2004,Summer
Q7500776,1992 Summer,1992,Summer
Q1005212,1994 Winter,1994,Winter
Q3811002,2004 Summer,2004,Summer
Q7500756,1992 Summer,1992,Summer
Q7500764,1992 Summer,1992,Summer
Q8037905,1988 Summer,1988,Summer
Q8037920,1996 Summer,1996,Summer
Q10719573,1988 Summer,1988,Summer
Q10572440,1988 Summer,1988,Summer
Q1004985,1988 Winter,1988,Winter
Q10466375,1992 Summer,1992,Summer
Q3879570,2004 Summer,2004,Summer
Q3811010,2004 Summer,2004,Summer
Q252584,1994 Winter,1994,Winter
Q8037963,2000 Summer,2000,Summer
Q10522571,1992 Summer,1992,Summer
Q3628767,2000 Summer,2000,Summer
Q988369,1988 Winter,1988,Winter
Q1409616,1992 Summer,1992,Summer
Q1221778,1988 Winter,1988,Winter
Q2306535,1992 Summer,1992,Summer
Q3879618,1996 Summer,1996,Summer
Q7500791,1996 Summer,1996,Summer
Q3980075,2004 Summer,2004,Summer
Q1004952,2006 Winter,2006,Winter
Q10581231,2000 Summer,2000,Summer
Q4000244,1992 Summer,1992,Summer
Q826519,2002 Winter,2002,Winter
Q1027135,1992 Summer,1992,Summer
Q1408797,1992 Summer,1992,Summer
Q3879649,1992 Summer,1992,Summer
Q3879644,1992 Summer,1992,Summer
Q988364,2002 Winter,2002,Winter
Q4354069,2000 Summer,2000,Summer
Q10522576,1988 Summer,1988,Summer
Q1005757,1998 Winter,1998,Winter
Q3837509,2004 Summer,2004,Summer
Q3628681,1988 Summer,1988,Summer
Q1005618,1998 Winter,1998,Winter
Q5448040,1994 Winter,1994,Winter
Q38412,1992 Summer,1992,Summer
Q1004991,1998 Winter,1998,Winter
Q988347,1992 Winter,1992,Winter
Q5443155,2000 Summer,2000,Summer
Q1408897,1992 Summer,1992,Summer
Q10706348,1996 Summer,1996,Summer
Q3565760,1988 Summer,1988,Summer
Q596754,2006 Winter,2006,Winter
Q10497008,1992 Summer,1992,Summer
Q3628701,1988 Summer,1988,Summer
Q3879647,1992 Summer,1992,Summer
Q3628778,2000 Summer,2000,Summer
Q3561228,1996 Summer,1996,Summer
Q2552272,2004 Summer,2004,Summer
Q3879655,1992 Summer,1992,Summer
Q1005753,2002 Winter,2002,Winter
Q988362,1998 Winter,1998,Winter
Q4000234,2000 Summer,2000,Summer
Q1005296,1998 Winter,1998,Winter
Q1005066,1994 Winter,1994,Winter
Q3879576,2004 Summer,2004,Summer
Q7979991,1996 Summer,1996,Summer
Q3998591,2000 Summer,2000,Summer
Q1004915,1998 Winter,1998,Winter
Q1415848,2004 Summer,2004,Summer
Q3879572,2004 Summer,2004,Summer
Q8037940,1996 Summer,1996,Summer
Q8037966,2000 Summer,2000,Summer
Q10522550,2000 Summer,2000,Summer
Q3628695,1988 Summer,1988,Summer
Q3879660,1992 Summer,1992,Summer
Q3628700,1988 Summer,1988,Summer
Q3628760,2000 Summer,2000,Summer
Q1005063,1988 Winter,1988,Winter
Q26860,1996 Summer,1996,Summer
Q3879659,1992 Summer,1992,Summer
Q1141034,2004 Summer,2004,Summer
Q1005333,1994 Winter,1994,Winter
Q3925470,2004 Summer,2004,Summer
Q1004888,2002 Winter,2002,Winter
Q1005044,1994 Winter,1994,Winter
Q10572463,1992 Summer,1992,Summer
Q4467904,2000 Summer,2000,Summer
Q1005576,1998 Winter,1998,Winter
Q12808144,2000 Summer,2000,Summer
Q55615399,1988 Summer,1988,Summer
Q7979987,1996 Summer,1996,Summer
Q25239317,1988 Summer,1988,Summer
Q3879597,2000 Summer,2000,Summer
Q1042644,2006 Winter,2006,Winter
Q1004935,1992 Winter,1992,Winter
Q3811012,2004 Summer,2004,Summer
Q1408876,1992 Summer,1992,Summer
Q5481589,2004 Summer,2004,Summer
Q3500383,1988 Summer,1988,Summer
Q372925,2006 Winter,2006,Winter
Q3879657,1992 Summer,1992,Summer
Q2306561,1992 Summer,1992,Summer
Q4443766,2000 Summer,2000,Summer
Q615345,2006 Winter,2006,Winter
Q576599,2006 Winter,2006,Winter
Q7979999,2000 Summer,2000,Summer
Q1005805,1992 Winter,1992,Winter
Q55615398,1988 Summer,1988,Summer
Q3879648,1992 Summer,1992,Summer
Q3811008,2004 Summer,2004,Summer
Q1421727,2004 Summer,2004,Summer
Q1004863,1992 Winter,1992,Winter
Q128040,1996 Summer,1996,Summer
Q1005192,1994 Winter,1994,Winter
Q4160926,2000 Summer,2000,Summer
Q823675,2006 Winter,2006,Winter
Q3628773,2000 Summer,2000,Summer
Q3879603,2000 Summer,2000,Summer
Q1407627,1992 Summer,1992,Summer
Q1408300,2004 Summer,2004,Summer
